,장소명,순번,리뷰내용
0,임랑해수욕장,1,"부산 기장 임랑해수욕장🏖
겨울 바다♡"
1,임랑해수욕장,2,"파도가 치면 작은 자갈 부딪히는 소리가 좋아요. 자갈이 있으니 맨발보다 아쿠아 슈즈가 있으면 좋겠어요. 튜브 타고 놀기도 좋아요. 날
씨가 흐리고 비가 가끔 내려 파도도 높고 물도 깊어요. 여기는 파라솔 보다는 평상을 빌려요. 화장실 2층에 샤워시설이 잘 갖추어져 있고
무료예요. 아침 9시쯤 오니 무료 주차 가능해요.  무료 주차 공간 없다면 하루 종일 1만원이면 주차 가능해요. 그리고 평상 빌릴 때..."
2,임랑해수욕장,3,"와~  임랑해수욕장 깨끗하고 좋네요. 행정봉사실 2층에서 무료 샤워장 있어요. 다음주 놀러오려고 미리 와 보았어요. 평상 보고 있어요. 
오늘은 서핑하는 분은 안 보이네요. https://m.blog.naver.com/awake8928/223187948546"
3,임랑해수욕장,4,"아담, 소박한 해수욕장. 작은 항도 있고~ 가을 해변 걷기 좋아요. 잔잔해서 마음이 힐링되는."
4,임랑해수욕장,5,"바람많이불엇는데
사진 잘 나옴"
5,임랑해수욕장,6,"유일하게
부산에서 조용한바닷가? ㅎㅎ
민박도즐기고 너무잘다녀왓어요!"
6,임랑해수욕장,7,임랑 3년만에 온거 같은데 태풍 지나고 와서 그런지 모래가 많이 없더라구요 그래도 산책로 잘되있어서 걷기도 편하고 파도소리도 크게 잘들려서 좋았어요
7,임랑해수욕장,8,겨울이라 그런지 사람이 없지만 오랜만에 일출보고 힐링하고 왔어요. 주변 음식점이나 편의점이 한두개 보여요. 별로 없는 편인거 같아요. 민박집은 많은 것 같아요. 펜션이라 이름 붙인곳도 있는데 거의 민박집 수준.
8,임랑해수욕장,9,"가족과 함께 오기 좋아요
"
9,임랑해수욕장,10,휴일 가족가 놀러오기 좋아요 잔잔한 파도와 수평선. 캠핑의자로도 만족스러운 휴일되요 맨발 걷기하는 분들이 많아요
10,임랑해수욕장,11,"아기랑 임랑왔는데 파도가 되게 세요
자갈도 많네요
사람이 없어서 좋긴한데 물에 들어가기보단 물 밖에서 첨벙첨벙 모래놀이 실컷했어요^^"
11,임랑해수욕장,12,"여름을 즐기는 사람들이 많아요~ 
주차장이 넓었으면 좋겠습니다"
12,임랑해수욕장,13,늘 힐링하고 갑니다 자주 가고싶은데 못가서 아쉬울 뿐이에여..
13,임랑해수욕장,14,임랑은 처음이였는데 송정 등 부산의 타 해수욕장과는 또 다른 느낌이였어요 . 태풍 오기 전이여서 파도가 높앗지만 그 나름대로의 재미가 있었습니다
14,임랑해수욕장,15,가족과 놀기에도 좋아요
15,임랑해수욕장,16,작지만 깨끗한 바닷가 ..정관에서 가까워서 자주가게되요
16,임랑해수욕장,17,민박집이 줄지어 있는 바닷가
17,임랑해수욕장,18,항✌️상👍최🙏고👏짱
18,임랑해수욕장,19,"기장군 임랑해수욕장  추천합니다.
조용하고  아이들과  물놀이하기 참좋아요. "
19,임랑해수욕장,20,파고가 높지 않아 영유아 동반시 좋아요
20,임랑해수욕장,21,좋아요
21,임랑해수욕장,22,"비오는날 성난 파도 소리. 
은근 좋네요. 
속 시원해지는 느낌!"
22,임랑해수욕장,23,생각보다 붐비지 않아요
23,임랑해수욕장,24,"유명해수욕장보다 사람이 적어요 다만 주차하기에는 주차장이 협소하고 근방의 칠암과 연계해서 오기 좋아요 편의시설은 좀 부족해보
입니다"
24,임랑해수욕장,25,"기장쪽에 캠핑하러 왔는데 날씨도 너무 좋았고 조용해서 더더 좋았습니다. 물론 놀고간 장소는 깨끗하게 정히라구 갔어용 너무 즐거운 
하루였네요^^"
25,임랑해수욕장,26,굿
26,임랑해수욕장,27,셋이서 가는날
27,임랑해수욕장,28,굿
28,임랑해수욕장,29,물고기등대 바다보러감 남매끼리
29,임랑해수욕장,30,굿
30,임랑해수욕장,31,조아요
31,임랑해수욕장,32,멋져요
32,임랑해수욕장,33,뷰좋구요 벽화가있어서 찍어봤네요 대가족여행 친척아이들과함께 
33,임랑해수욕장,34,굿
34,임랑해수욕장,35,바다색이 이뻐요
35,임랑해수욕장,36,바다가고싶던날 버스타고
36,태종대,1,"다누비 열차덕분에 편하게 둘러봤네요. 평일이라 한산하고 웨이팅 없었어요. 11월이지만 18도까지 올라서 산책하기 좋은 날씨네요! 따
스한 햇살아래 고요한 바다를 보고있으니 마음이 푸근해지네요. 여기 고양이 맛집이니까 냥이 좋아하시면 냥이간식 챙겨오셔도 좋을것
같아요!"
37,태종대,2,"부산 영도구에 위치한 태종대 유원지. 국가지정문화재, 명승 제17호, 한국관광공사가 선정한 한국관광100선에 선정된 부산의 대표 해안경관 관광 명소. 수목이 울창하고 걸으면서 바다 풍경을 감상하기에도 좋습니다."
38,태종대,3,데이트하기 너무 좋아요 절경이네요 산과 바다 너무 예뻐요 강추합니다 또 보고 싶어요내려오는 길에 해녀 집도 좋아요 맛있게 잘 먹었습니다 바다를 바라보며 굿 굿 강추
39,태종대,4,"📍부산 / 태종대 ▪️ 다누비 열차 안타고 다녀옴 ! ✏️ 연휴라 다누비열차 대기만 40분- 1시간 걸리길래 다누비 열차는 바로 패스 ! 열차를 
안타면 가벼운 산책보다 조금은 더 힘든 조금 어려운 산책을 하지만 사진과 같이 바다가 눈에 훤히 들어와서 너무너무 좋아요! 한바퀴 
쭉 돌아서 다시 돌아오는데 1시간정도 걸렸고요. 한바퀴 도는 길에 영도등대, 전망대 까지 다 보고올 수 있습니다!! "
40,태종대,5,"부산 영도에서 최남단에 위치한 태종대 유원지, 부산여행2일차에 방문했어요. 태종대유원지를 걸으면서 산책할수도 있고 검냥이네처럼 걷기싫다면 다누비열차로 이동가능해서 쉼과 힐링을 원한다면 추천드려요.
태종대전망대 라운지에서 바다멍을 실컷 할수있어요"
41,태종대,6,"※태종대※ 다누비 열차표를 끊고(가을여행 2인 2,000원 할인) 쭉~ 타고 가다보면 전망대가 나오는데..넘 멋진풍경이 똬악~!!처음 왔을
땐..여느 사람들처럼.. 와아~~~여기 너무 멋지다!!란 말이 툭툭 튀어나왔는데..두번째라..랑이 맥주가 먹구싶다하여 캔터키소세지와 한
잔함.맥주위엔 슬러시가 살포시 뿌려져 더더 부드러운 맛을 창조해냄..살랑살랑 부는 바람에 더더 시원했었던.. 랑과 함께 쌓는 추..."
42,태종대,7,"깨끗하고 한적하고 산책하기 좋게 돼 있음. 시간이 늦어 열차타고 내려왔지만... 부산은 관광 체계가 잘 돼 있는 것 같다. 올때마다 느끼
지만 불편함을 못 느낌. 어딜 들어가도 퉁퉁거리지도 않고"
43,태종대,8,오랜만에 찾은 태종대♡ 아이들과 다니느라 다누비열차 순환으로 표끊어서 중간중간 걷고 열차타고 다녔어요^^ 날씨가 좋아서 햇살은 뜨거웠지만 경치도 좋더라고요~ 대기없이 다니시려면 오전에 일찍가는걸 추천드려요. 12시쯤되니 대기생기더라고요ㅎㅎ 멋진 구경했습니다^^
44,태종대,9,너무 아름답고 절경이에요. 바닷가가 모래사장이   아니라 자갈로 되어 있어요. 자연을 즐기며 힐링하기 좋구요 유람선 다누비 열차 각각의 매력이 있어요. 전망대 뷰도 좋습니다. 
45,태종대,10,"가족들과 나들이 가기 넘 좋아요~~
유람선도 타고 한바퀴 돌고 둘레길 걸으면 
구경해도 넘 좋은것 같아요^^"
46,태종대,11,태종대 누비다열차타고 태종대 전망대에서 드넓은 바다구경하고 왔어요 봄에오믄 더 좋을듯요
47,태종대,12,"배타고 둘러보는 코스 다녀왔어요 배가 속도가 빠르고 좀 정신없었지만 개인적 차이일뿐인지 다른사람들은  이상없이 잘 탄거같아요 
풍광은 참 멋집니다"
48,태종대,13,열차를 타고 편안하게 둘러 볼 수 있어 좋았어요
49,태종대,14,"말로만 들어본 태종대를 직접 방문해서
경치도 좋았고 가족과 함께라서 더 좋았어요"
50,태종대,15,"여러번와봐지만  이번여행은  오랜만에와서그런지
넘  많이  바뀌져있어  놀랬습니다"
51,태종대,16,승차비도 저렴하고 전망대도 올라가보고
52,태종대,17,"태종대
오륙도"
53,태종대,18,조개구이 먹으러 왔다가 태종다 해수욕장 산책하고 갑니다. 밤산책으로 좋아요. 구경할 건 많이 없네요.
54,태종대,19,진심..몇십년만에 가본 태종대..넘 많이 변해서 좀 어색..ㅎ 그래두 오랫만에 아이들과 좋은 추억..굿~♡
55,태종대,20,어머니가 많이 바꼈다고 하시네요. 그 당시엔 버스에서 내리면 절벽있고 바다가 바로 보였다 하셨는데 지금은 바다까지 30분 정도 걸어야 해서 별로라고 하셔서 안타까웠습니다.
56,태종대,21,태종대 당일 여행추천 근처 전주집 맛잇음
57,태종대,22,"태종대 걷기에 좋고 경치가 멋진곳 이랍니다. 
부산 여행으로 넘 좋았어요. "
58,태종대,23,요즘 같은 날씨에 너무 좋네요. 태종대 전망대에서 바람 쐬면서 바다멍때리니 힐링됩니다!!
59,태종대,24,열차타고 편하게 올라가는게 다가 아니구 등대역 내리면 걸어서 내려가야하는데 코스가 좀 힘드네요 거길가야 멋진 전경을볼텐데 어르신들 모시고온거라 못내려가봤어요 전망대구경만했습니다 비와서 날씨도ㅜㅜ
60,태종대,25,태종대 넓어서 다누비열차는 꼭 타시길 바랍니다 중간중간에 내려서 구경하기도 좋고 전망대에서 음식+카페 다 이용가능한데 뷰가 정말 정말 좋습니다. 한번가보면 태종대 태종사 다 좋습니다 안좋은점은 없는 부산가시면 꼭 가보시길 추천드립니다
61,태종대,26,"태종대 다누비기차를 타고 전망대부터 태종사까지 관람했다. 전망대에서 바라본 주전자섬은 안개때문에 신비롭기 그지 없었다. 영도등
대는 한참을 내려가야 볼 수 있었고 신선바위와 망부석바위도 멋진 풍경이었다. 등대 전망대는 호기심에 올라갔는데 힘들게 계단을 올
라 본 경관이 생각보다 멋지지 않아 아쉬웠다. 날씨가 좋았다면 멋졌을텐데..태종사 수국까지 보고나니 너무 좋았다. 담에는 기차..."
62,태종대,27,다누리열차 애견동반탑승 불가!  참고하세요 왕복 3400M의 반려견 산책 각오하고 가세요 개모차 가져가면 후회합니다.
63,태종대,28,"친환경, 경차 등 공영주차장의 할인 조건을 그대로 가지고 있지만 자동 할인이 안됩니다. 사전 정산기에서 꼭 호출 버튼 눌러서 할인 받아야 하는데 주말 등 바쁠때는 호출을 무시해버리네요. 뒷사람들 눈치보여 할인 못받고 다 결제하고 나왔습니다."
64,태종대,29,바다풍경이 멋지네요. 태종대  볼곳이 많아서 하루종일  다 둘러봐야 할곳입니다. 부산와서 힐링하고 갑니다. 꼭 봐야 할곳입니다
65,태종대,30,사진이정말잘나와요
66,태종대,31,태종대 트레킹
67,태종대,32,부산 여행중 태종대를 찾았다. 등대까지 다녀왔다.
68,태종대,33,다누리 ! 아기 때 데려가고 ! 오랫만에 방문 연휴라 사람 진짜 많아서 많이 기다렸는데  아이와 추억 쌓아서 좋았으!!  다리 후들후들 
69,태종대,34,"이른 아침 일출과 함께 태종대공원 한바퀴~
건강과 행복이 늘 충만~"
70,태종대,35,편하게 이용했어요 좋아요 
71,태종대,36,"순환권으로 버스 탔는데, 주말 오후에 가서 그런지 일단 버스 안에 사람이 너무 많았고, 중간중간 타기가 조금 애매했어요...... 다음 번에 갈 때는 전망대까지 걸어가보려고 합니다. 차타고 편하게 다녀오긴 너무 좋아요"
72,태종대,37,좋아여! 강아지랑 같이갓는데.. 디누비열차..강아지 동반왜안되는건지.. 케이지잇으면 승차할수잇게하면 참 좋을거같은데..
73,태종대,38,"연휴때 갔더니 사람이 너무 많아 열차를 두 시간 기다렸어요ㅠㅠ 전망대 구경은 잘 했는데.. 여기저기 까마귀가 많아서 당황했어요 가는
 곳마다 머리 위에서 까악까악거림🐦‍⬛💦"
74,태종대,39,"열차는 너무 안시원하고 시끄럽고 개방감도 없고 타고올라가면서 보이지도 않고 비추에요 ㅋ
다리아프면 꼭타야죠"
75,태종대,40,태종대 모든곳에 뷰가 좋다
76,태종대,41,다시  오면  걸어서 가보고싶은곳
77,태종대,42,"그냥삶의 부산 여름 여행 중 태종대 🌈 평일의 여유로움을 느껴서 좋았던 여름날! 태종대 주차장 주차요금은 소형 기준 1시간 1,000원 /
추가 10분당 200원 ✔️ 주차하고 다누비 열차 매표소로 갔어요! 순환열차를 이용한 태종대 여행 🌿 다누비열차 순환 요금 💛 어른 4,0
00원 / 청소년 2,000원 / 소인 1,500원​ ✔️ 태종대 전망대부터 100년을 밝혀온 영도등대 💙 푸른 바다와 하얀 등대가 예쁜 태종대..."
78,태종대,43,좋아요. 특히 태종대 전망대 카페 대박이네요
79,태종대,44,열차타니까 금방 볼수있어서 좋아요 경치 굿
80,태종대,45,태종대~산책좋습니다. 꼭 방문해야합니다.
81,태종대,46,여행 마지막날 들렸던곳 태종대에서 기차시간때문에못먹은 할머님들이 파는  바다음식?! 먹으로 꼭 갈거에요!!!
82,태종대,47,"다누비 열차 꼭 순환으로 구입해서 타고 이동하세요.
걷는거 산책이 아니라 등산입니다."
83,태종대,48,전망대에서 확트인 전경을 보니 시원했습니다
84,태종대,49,경차 레이 빌려서 탔는데 주차장 비용이 비싸진 않았네요.
85,태종대,50,"태종대 방문…열차(단누비?)도 탑승 햤는데, 사람이 많아서 1시간 기다려야 했었습니다."
86,태종대,51,창밖으로 보내는 바다 풍경이 멋져요
87,태종대,52,주차료가 매우 쌉니다. 하루 종일 주차료 단돈 일천 원.
88,태종대,53,부산태종대 멋져요~~
89,태종대,54,부산 여행 가면 꼭 가보세요ㅠㅠ 너무 너무 좋아요 탁 트인 바다와 파도 소리 새 소리 숲 내음 모두 모두 완벽합니다 진짜 부산여행 중 가장 좋았던 장소였어요.. 저는 다누비 열차 타고 가서 안 힘들었는데 .. 어쨌든 꼭 가세요🥺🤍
90,태종대,55,태종대를보기위해  주차하기좋아요
91,태종대,56,"너무멋진 곳
날씨도  좋고👍"
92,태종대,57,평일이라 주차장이 여유있네요 
93,태종대,58,태종대 주차비도 저렴하고 경치가 아주 죽여줍니다. 부산 여행가면 꼭 방문하세요.
94,태종대,59,부산 여행에서 한번은 들러줘야 할 태종대 
95,태종대,60,"출차가 너무 힘들어요 다들 사전정산도 안하고 나가고
한대씩 결제하는데 한나절
안남공원에서도 시간날리고 돈 날렸는데 여기도 별반 다르지 않네요"
96,태종대,61,"태종대 전망대 및 전망대 카페 상세 리뷰 보러 가기 : https://blog.naver.com/ceoforyou/223180539515 Summary and Tips ※ 장점 1. 경
치 : 바다와 하늘의 만남 2. 접근성 : 대중교통, 자가용 이용 편리 3. 편의시설 : 주차장, 화장실 등 ※ 단점 1. 혼잡 : 주말 또는 휴일 방문객
이 많음 2. 날씨 : 날씨에 의존적"
97,태종대,62,"다누비열차타고 가면 움직일 때 바람이 불어서 쉬원해요. 기다릴때는 엄청 더워서 에어컨 앞에 서있었어요. 실내에 있을 곳이 없어요. 
카페도 테이크아웃만 가능해요. 근데 경치는 예쁘네요. 절은 수국피는 계절에 가야해요. 지금은 볼것이 없어요."
98,태종대,63,회센타 이용시 2시간 무료입니다~
99,태종대,64,산책하기 좋음
100,태종대,65,넓어서좋아요
101,태종대,66,경치가 좋아요
102,태종대,67,태종대 헤녀  멍게 해삼한접시 5만원 뷰가  환상
103,태종대,68,바다랑 자연이 정말 멋있어요
104,태종대,69,바닷가 경치가 너무 아름다워요.
105,태종대,70,산책하기 좋고 아름다운 풍광을 즐길수 있는곳입니다
106,태종대,71,열차 좋음이요~~.오르기 편함
107,태종대,72,깨끗하고 친절해요
108,태종대,73,편안하게 여행 잘했어요
109,태종대,74,산책하기도 좋고 열차이용도 좋네요 경관이 침 멋져요
110,태종대,75,다누비 열차 꼭 타세요 순환으로 오늘 태종대만 보고 일정 끝낼거다 이게 아닌 이상 그리고 수국철에 가는거 추천~
111,태종대,76,"오랜만에 가니 다누비도 태종대도 좋앗어요. 날씨 좋은 날 가는 게 더 잘 어울려요
"
112,태종대,77,구경잘하고갑니당 다누빔!
113,태종대,78,에브바리컴투.  부산
114,태종대,79,언제 가도 좋은 곳
115,태종대,80,주차공간 넓어요
116,태종대,81,"걷기는 힘든데 좋아요
해녀촌 좋아요 "
117,태종대,82,태종대 오를때 다누비 이용하기 좋아요! 타이밍이 좋으면 바로타고 아니면 20분 내외 기다려야해요.
118,태종대,83,산책하기좋고 수국이 너무 예뻣어요. 셔틀(다누비열차)타고 전망대 구경하고 다시타고 태종사에서 수국보고 했어요. 고양이들이 여기저기 있는대 고양이들도 귀여웠어요.
119,태종대,84,"태종대 한바퀴 산책.. 태종사는 수국이 아름다운데 철 지나 그냥 지나가고, 영도등대로 내려가서 바다를 품다 옴.. 다누비열차를 타면 좀
더 편하게 관광.."
120,태종대,85,주차하기 좋아요
121,태종대,86,아리들 어른들 모두좋네요
122,태종대,87,"열차 타면 편하고 좋아요!!
"
123,태종대,88,"더웠지만 걸을때 바람이
불어 선선했어요.
"
124,태종대,89,풍경이 아주 좋아요 
125,태종대,90,유람선에서 본 태종대
126,태종대,91,다누비열차타고 태종대 잘 보고 왔습니다~~^^오늘 날씨도 좋아 더 좋았어요ㅎ
127,태종대,92,좋아요!
128,태종대,93,더운날씨에도 사람이 많았어요. 다누비 열차가 있어서 좋아요 등대밑 해녀촌은 공사로 갈수가 없어서 아쉬워요.
129,태종대,94,태종대 다누비 열차 타고 구경했습니다ㅎㅎ 날씨가 덥긴 했지만 풍경이 정말 예뻤어요
130,태종대,95,다누비는 태종대 오를때 필수템이에요. 경사도가 오래 걷기 좋은 각도가 아닙니다. 다누비열차덕분에 태종대 구경 편안하게했어요. 순환티켓 추천합니다.
131,태종대,96,"나이스 주차비저렴
"
132,태종대,97,부산가면 방문하는 곳 태종대  다누비열차 타고가면  편하고 좋아요~~조금 덥긴하지만 올라가면 바람이 시원하고 쾌적합니다!!
133,태종대,98,굿
134,태종대,99,할인으로 저렴하게 구경했습니다 
135,태종대,100,할인으로 저렴하게 구경했습니다 
136,태종대,101,숲길과  바닷길이 아름다워요. 여름엔 더우니 다누비열차 꼭 타세요
137,태종대,102,태종대는 20대때 와보구 기억이 가물가물 했는데 가족들과 함께 오니 너무 행복한 시간이었어요 산이구 낭수가 많아 모기한테 물렸어요ㅜㅜ
138,태종대,103,태종대 진짜 멋있어요
139,태종대,104,굿
140,태종대,105,ㅇㅇ
141,태종대,106,태종대 전망대에서 바다 바라보며 힐링!~
142,태종대,107,파아란 하늘과 에메랄듯빛 바다. 멋집니다~!
143,태종대,108,주차장이 넓어요
144,태종대,109,굿
145,태종대,110,비가 온 뒤라 운무도 멋지고 태종사에 수국 너무 탐스럽게 피었어요~^^
146,태종대,111,오랜만에 부부동반으로 태종대 관광을 다녀왔다. 옛날의 추억을 더듬어 유람선도 즐기고
147,태종대,112,다누비열차 탈만하네요 ㅎ
148,태종대,113,조아요
149,태종대,114,좋아요 
150,태종대,115,태종대 주차장에 주차하고 순환버스로 돌아서 나오면 태종대를 제대로 구경할 수 있어요! 주말엔 차량통행 되요
151,태종대,116,태종대 주차장
152,태종대,117,"걷기 힘들어하는 꼬맹이들과 여행할때는 요런 이동수단이 있는곳이  아주  좋은곳  같아요.
원하는  장소에  내려서 구경하고  다시 탈수 있는게 아주  좋았어요. 배차 시간이  길지 않아  금방금방  탈수 있었어요.
열차시설이 깨끗하고 오픈형  창문이라  답답하지 않게 잘 이용했어요"
153,태종대,118,시설이 좋아요 
154,태종대,119,좋아여
155,태종대,120,자리가 넓고  좋아요 
156,태종대,121,가족들과 좋은 시간 보내고 왔어요^^
157,태종대,122,주차장이 넓어요
158,태종대,123,부산 여행 태종대 구경허요가요
159,태종대,124,"시간이 많으면 가봐도 좋지만, 굳이 일부러 들를 필요는 없다고 생각. 전망대 바다나 등대, 태종사 모두 별로. 차라리 가까운 흰여울문화마을을 가는게 뷰나 산책이 더 나음(땡볕만 피하면)"
160,태종대,125,굿~
161,태종대,126,싸게 다누비를 타고 바다구경까지 덤으로 해서 좋았어요
162,태종대,127,좋아요 좋아요 
163,태종대,128,주차장이 완전 넓진않고 입구에서 내려가야합니다 
164,태종대,129,주차하기 편해요 
165,태종대,130,굿
166,태종대,131,기차가 너무 느려요°●°
167,태종대,132,다누비 열차가있어서 편히다녔어요
168,태종대,133,"주차장이 넓어서 주차하기 편해요. 주말이라 사람이 많아 좀 기다려야 했지만, 다누비 열차 타고 적당한 속도로 이동하니 좋았어요. 수평선에만 안개가 낀 화창하고 묘한 날씨여서 풍경이 참 아름다웠어요. 좋은 날 예쁜 풍경 구경했습니다."
169,태종대,134,전망대 멋쪄요
170,태종대,135,부산!
171,태종대,136,"탁트인뷰보러 태종대전망대 다녀왔어요~
열차타고 등대까지 타고 다녀오는걸 추천드려요!"
172,태종대,137,좋아요
173,태종대,138,굿~
174,태종대,139,"순환차가 있어 구경하기좋아요
뷰가 좋네요
"
175,태종대,140,"열차 안타고 한바퀴 산책 하듯이 천천히 다 돌아봤는데 두시간정도 걸린거 같아요. 날은 더웠지만 나무들이 햇빛을 가려줘서 꽤 거닐만
했습니다!! ㅎㅎ 그리고 전망대 뷰도 정말 최고인거 같아요~"
176,태종대,141,잘이용했어요
177,태종대,142,가볍게 산책하기 좋아요
178,태종대,143,좋앙
179,태종대,144,굿
180,태종대,145,1006번 버스를 타고 태종대 정류장에서 내리면 태종대 유람선 호객하는 분께서 오늘 다누비 열차가 고장났다며 유람선 탑승을 권하시는데 저희의 경우는 열차 고장이 아니었고 정상 운행중이었습니다. 조금만 걸어올라가면 다누비 열차 작동여부가 전광판에 나오니 직접 확인하고 탑승여부 결정하시길 바라요.
181,태종대,146,"시고 좋으세요 그래서 여기서만 이용하게되네요. 좋으셔서 마음에딱들고  기분이좋아요  좋은마인드로 장사하시는거같아서 이용하는
고객으로서는 최고네요 어디서든여기서만 이용할꺼고적극추천합니다. 너무깔끔하고 가성비너무좋은 집입니다. 아주좋아요 적극추천
합니다"
182,태종대,147,줗아요
183,태종대,148,좋아요
184,태종대,149,태종대 날씨 좋을때 오시면 천국이에요.
185,태종대,150,전망 긋
186,태종대,151,오늘 차가 안 밀려서 좋았어오
187,태종대,152,사전 정산 편합니다. 1시간당 천원 싸네영
188,태종대,153,"경치 좋음
주차비용 적당하다고 생각"
189,태종대,154,버스투어 코끼리열차
190,태종대,155,"태종대 안 주차장입니다
좋습니다"
191,태종대,156,굿
192,태종대,157,한 번쯤은 갈만한 :)
193,태종대,158,셔틀버스 타도 좋고 쉬엄쉬엄 걸어 구경하기도 좋아요 
194,태종대,159,주차비만ㆍㆍㆍ
195,태종대,160,좋아요
196,태종대,161,좋아요
197,태종대,162,좋아요
198,태종대,163,좋아요
199,태종대,164,👍👍👍👍👍👍👍
200,태종대,165,굿
201,태종대,166,친절해요
202,태종대,167,"부산바다 아름답게 볼수 있는곳😍 부산가면 꼭 가시길 추천드리지만 등대산책로는 어린아이들은 비추천드려요 계단이 많아요😭 아름
다운 부산바다 보싵거면 등대도 추천드려요👍"
203,태종대,168,주차공간이넓어요
204,태종대,169,좀 기다리지만 좋아요 태종대
205,태종대,170,"그다지 재밌지는 않았으나
그럭저럭 잘 다녀옴"
206,태종대,171,잘다녀갑니다
207,태종대,172,행복한 부산여행♡
208,태종대,173,너무이뻐용💚 관광하기 딱이예요!
209,태종대,174,굿
210,태종대,175,태종대 좋습니다 다누비열차로  수월하게
211,태종대,176,좋아요
212,태종대,177,"갔을때 열차 고장때문에 환불하고 걸어올라갔다 내려오는데 진빠져 죽는줄요 다니는 버스로라도 대체로 좀 해주셨음 좋았을텐데 아쉽습니다 
대처가 좀 부족하네요 특히 여름은.."
213,태종대,178,"태종대 좋아여
"
214,태종대,179,날씨가너무더워요
215,태종대,180,좋아요
216,태종대,181,완전 좋아요!! 
217,태종대,182,주차장이 정비가 잘되어있고 차대기가 좋아요 
218,태종대,183,태종대 구경 잘 하고 갑니다 😊
219,태종대,184,일몰이 끝내주게 멋져요
220,태종대,185,정말 좋아요
221,태종대,186,멋진곳이지만 여름에 비추 ㅠ 넘 더워요
222,태종대,187,친절하고 조아융^^ 앞으로 자주 이용할려구요~
223,태종대,188,ㅎㅎ
224,태종대,189,ㆍ
225,태종대,190,"날도 선선하니 바닷바람 쐬기 좋았고 
하늘이 이뻤다 "
226,태종대,191,걷기도 좋고 다누비열차 타고 둘러보는 것도 좋아요
227,태종대,192,중간 중간에 내려서 구경하고 다시 타고 이동할 수 있어서 편안하게 다닐 수 있어요. 
228,태종대,193,"경치가 너무 예술 ! 
바람도 시원하고 산책하기 운동하기 너무 좋았어요.
"
229,태종대,194,ㅋ
230,태종대,195,주차장도 넓고 한적하니 좋네요. 주말말고 평일 추천드립니다
231,태종대,196,굿
232,태종대,197,산책하기 좋은곳입니다
233,태종대,198,좋아요
234,태종대,199,좋아요
235,태종대,200,시원하고 구경하기 좋네요
236,태종대,201,다누비타고 태종대 관람햇어요
237,태종대,202,주차비가 저렴하고 좋아요
238,태종대,203,"주차요금이 저렴해요 굿
2시간 2,200원"
239,태종대,204,산책하기 너무 좋아요 고양이들이 귀여워요
240,태종대,205,좋아요
241,태종대,206,주차하기 좋아요
242,태종대,207,"풍경이 좋아요

"
243,태종대,208,너무엉망이네요. 다누비 열차 한시간 기다리고 고장이라 운행 안한다고… 어제 그제도 그랬다고 하시는데ㅠㅠ
244,태종대,209,다누비 열차 잘 탔어요
245,태종대,210,"저렴
넓고좋아요"
246,태종대,211,태종대 경치가 좋네요
247,태종대,212,주차하기좋아요 
248,태종대,213,굿
249,태종대,214,주차 잘하고갑니다
250,태종대,215,한 15분정도 기다리고 탔구 1시간만에 다 돌고 내려왔어요! 중간에 태종사는 사실 크게 볼 게 없었구 등대정류장에서 실컷 바다구경했습니다💙
251,태종대,216,주차장 이용 편리합니다
252,태종대,217,풍경이 좋아요~!
253,태종대,218,주차장 넓어요
254,태종대,219,주차하고 태종대 고고
255,태종대,220,굿
256,태종대,221,좋아요
257,태종대,222,산책하기 좋고 볼거리가 많습니다
258,태종대,223,고양이 천국이네요. 체력 아낄려면 열차 꼭 이용하세요. 바위는 등대쪽에서 볼 수 있습니다.
259,태종대,224,뷰가 좋아요~
260,태종대,225,여름이라 더운거빼고는 잼있어엇요
261,태종대,226,태종대 주차장 저렴해요
262,태종대,227,굿
263,태종대,228,주차장이 태종대랑 넘 멀어요
264,태종대,229,긋
265,태종대,230,긋
266,태종대,231,긋
267,태종대,232,굿
268,태종대,233,.
269,태종대,234,"더운 날씨에  걸었으면 어쩔뻔.
잘 타고 구경 잘했습니다"
270,태종대,235,태종대 가는데 잘 이용함
271,태종대,236,바람 잘불고 좋았어요~~!!
272,태종대,237,감사합니다 
273,태종대,238,ㅇ
274,태종대,239,편하게 전망대 까지 올라가서 산책하기 좋아요
275,태종대,240,좋아요
276,태종대,241,주차비가  착해요 ~
277,태종대,242,좋습니다.
278,태종대,243,열차 배차간격이 짧아어 좋아요. 이거 없음 더워서 못 가여.. 오르막길 힘듦ㅜ
279,태종대,244,친절합니다 
280,태종대,245,좋아요
281,태종대,246,친절하게 응대해줬어요
282,태종대,247,굿
283,태종대,248,비올때도 좋네요
284,태종대,249,주차하기좋아요 
285,태종대,250,다누비열차타고 잘구경했어요
286,태종대,251,날씨도 좋고 사람도 많네요
287,태종대,252,"다누비 대기중이라 사진이없네요… 
태종대는 언제와도 좋네요><! 부산오면 꼭와야할 곳-!!! 세번째 방문입니다
"
288,태종대,253,좋아요
289,태종대,254,"예전에는 차로도 운전해 갈수있었다는데, 이번 부산여행때 열차운행을 안하는 월요일에 가서 아쉽게도 전망대까지는 가지 못했네요😔 그래도 걸어가는 산행길 공기가 좋아요, 산행이 꽤 머니 시간이 없는 여행객들은 월요일은 꼭 피해가시길🥲💚"
290,태종대,255,좋아요
291,태종대,256,바다를 따라서 산책로가 조성되어 있어 뷰가 너무 좋습니다
292,태종대,257,"주차장 평일은 한산
주말은 협소 자리없음"
293,태종대,258,밥먹고 산책길
294,태종대,259,좋은
295,태종대,260,"다누비열차 타고 구경도할 수 있고 
고양이도 보구 
아이도 죠아했어요 😀"
296,태종대,261,주차하기 좋아요!!
297,태종대,262,좋아요
298,태종대,263,굿
299,태종대,264,조아요 
300,태종대,265,좋아요!!! 최고
301,태종대,266,차간격이 좀 오래걸리네요 ㅠㅠ 그래도 전망대까지 가니 내려올때 걷는게 좋을듯요
302,태종대,267,굿굿
303,태종대,268,열차 안타면 쥬금
304,태종대,269,어르신분들이 다리가 아프셔서 이용했는데 좋더라구요~주말이라 사람이 어마어마해서 한참 기다렸다가 탔어요^^
305,태종대,270,태종대 매표소와 주차장이 멀어요 
306,태종대,271,좋아요 
307,태종대,272,좋아요
308,태종대,273,영도에 오신다면 꼬옥 들러야 할 태종대! 고양이나무도 열려잇어요
309,태종대,274,"태종대 거의 30년만에 와본거 같은데
예전 같지는 않아도 여전히 멋있네요"
310,태종대,275,주차하기좋아요
311,태종대,276,태종대 아름다워요
312,태종대,277,태종대를 션하게 둘러볼 수 있어서 좋았습니다
313,태종대,278,가스금액도 주변보다 저렴하고 친절하시네요
314,태종대,279,태종대 갔으면 다뉴비는 꼭 타세요
315,태종대,280,👍
316,태종대,281,부산관광공사가 운영하는 태종대유원지 부설주차장입니다. 시간대비 요금이 많이나오진않아요. 주차해놓고 태종대 공원 오르막길 걸어올라가며 산책해보세요. 버스타고 다닐때와는 또 다른 운치가 있습니다
317,태종대,282,"주차가 편리해요
"
318,태종대,283,"주차장이 넓고 저렴해서 주차해놓고 다녀왔습니다.
해질때쯤 가니까 노을이 지고 있어서 뷰가 좋았습니다:)
천천히 한바퀴 산책하는데 1시간반쯤 걸렸어요."
319,태종대,284,태종대를 순환하는 버스같은… 아무튼 태종대에 대한 정보를 알고 가는걸 추천하고 싶네요. 버스만 타는건 추천하지 않습니다
320,태종대,285,굿
321,태종대,286,멋있어요
322,태종대,287,좋아요
323,태종대,288,굿
324,태종대,289,바다와 산이 있어 산책하기 좋아요
325,태종대,290,편하게 잘 구경하다 갑니다
326,태종대,291,좋아요 
327,태종대,292,주차요금이 싸서 좋았어요
328,태종대,293,태종 전망대 뷰가 좋더라구요 날좋을때 가기 좋은거 같아요
329,태종대,294,좋아요
330,태종대,295,덥긴했지만 잼있었어요. 
331,태종대,296,태종사 수국 너무 예쁘고 등대 뷰도 좋아요
332,태종대,297,친환경차량은 50%할인
333,태종대,298,좋아용 
334,태종대,299,"좋아요
"
335,태종대,300,좋아요
336,태종대,301,굿
337,태종대,302,굳
338,태종대,303,태종대방문하면 꼭 들리는곳이네요
339,태종대,304,싸고 편해요!
340,태종대,305,좋아요 
341,태종대,306,다누비 열차타고 후루룩 올라갔다 내려오면 좋아요!! 날씨 좋을 때 왔더니 뷰가 환상적이에요💙
342,태종대,307,좋아요
343,태종대,308,태종대 나들이
344,태종대,309,덥다 ㅠ
345,태종대,310,다 좋은데 요
346,태종대,311,주차장이 멀어요
347,태종대,312,주차장 좋아요
348,태종대,313,맛있게 먹었어요!!
349,태종대,314,태종태 어릴때가보고30년만에 와봐요 좋았어요
350,태종대,315,너무더워서 힘들었어요
351,태종대,316,완전볼거리많고 꼭가보세요d=(^o^)=b
352,태종대,317,비가와서 아쉬운 태종대 ㅋ
353,태종대,318,주차가편해요
354,태종대,319,좋아요
355,태종대,320,굿
356,태종대,321,굿
357,태종대,322,태종대 주변 관광하기 편함
358,태종대,323,조아요
359,태종대,324,열차 타고 다니는데 편하고 좋아요 바람이 정말 쎄서 놀랐어요
360,태종대,325,종종 놀러가는데 좋습니다
361,태종대,326,너무너무좋았어요
362,태종대,327,"경치좋고, 아이와 관광하기 좋아요"
363,태종대,328,태종대가 워낙 넓어서ㅈ걸어다니기는 무리 열차타고 내려서 관람
364,태종대,329,굿
365,태종대,330,굿
366,태종대,331,굿
367,태종대,332,좋아요
368,태종대,333,"열차 이용하면 구경하기 편하고,
시원한 바다 볼 수 있어 좋아오ㅡ"
369,태종대,334,태종사에 수국이 예쁘게 펴서 좋았어요
370,태종대,335,순환기차
371,태종대,336,좋았어요
372,태종대,337,주차1시간 1000원
373,태종대,338,"ㅇㅇㅇ
"
374,태종대,339,"가족들과 산책하며 하루보낼수 있는곳
"
375,태종대,340,"좋아요
"
376,태종대,341,넓어요
377,태종대,342,"가정의달 행사라 열차 3,000원에 이용했어요"
378,태종대,343,올라가는길이 힘들었지만… 너무 멋진 풍경을 볼 수 있어서 좋앗어요
379,태종대,344,태종대 주차장 넓고 좋습니다
380,태종대,345,"비성수기 저녁6시부터 10시까지 차량으로 진입가능합니다. 단,11시까지 출차해야합니다. 30키로 속도로 주행해야하고 비상등을 켜야
합니다. 중간중간 쉬어가는 구구간이 있어서 좋습니다. 걷기도좋고,비오는날에는 임산부,유아,고령자동반시에 차량통행가능합니다. 단
,일반차량은 진입안됩니다. 주차료가 아니라 통행료개념으로  2천원후불입니다."
381,태종대,346,주차장이 잘 되어 있고 안내를 빨리 해주셔서 좋았어요
382,태종대,347,이이들과 자연을 벗삼아 산책하기 좋아요.🙂
383,태종대,348,귯
384,태종대,349,굿
385,태종대,350,언제와도 산책하기가 참 좋네요 
386,태종대,351,더운 날씨 유용한 이동 수단이었습니다
387,태종대,352,주차시설이좋아요
388,태종대,353,부산에 오면 태종대는 필수   태종대해녀촌 ~~^^
389,태종대,354,경차라서 저렴하네요
390,태종대,355,"좋아요.
열차 15분 배차
"
391,태종대,356,"넓은 주차장이 있어 주차하는데 어려움은 없고 1시간 49분에 2천원으로 저렴합니다. 주차 후 약 10분 정도 걸으면 '다누비열차'를 탈 수 
있는 곳이 있으나 비가 온 후 미끄러운 낙엽 때문에 사고 위험이 있어 일시중단 상태라서 걸어 30~40분 거리의 전망대까지 갔습니다. 전
망대까지 걸어가도 그리 힘들지 않고 오히려 단풍 구경을 제대로 할 수 있어 좋았네요! 여기저기 고양이들이 있어 심심하지 않구..."
392,태종대,357,감사합니다 
393,태종대,358,멋진곳이에요
394,태종대,359,굿
395,태종대,360,🙂
396,태종대,361,유람선만타고나오면 1600원 나오네
397,태종대,362,주차하고 전망대 다녀왔어요
398,태종대,363,좋아요
399,태종대,364,좋아요
400,태종대,365,굿
401,태종대,366,Beautiful sea 
402,태종대,367,굿
403,태종대,368,좋아요 
404,태종대,369,좋아요
405,태종대,370,좋아요
406,태종대,371,걷기 좋아요
407,태종대,372,편하게 이용했어요
408,태종대,373,굿
409,태종대,374,부산에 가면 꼭 가봐야할 곳이예요
410,태종대,375,커피맛이 좀 아쉬워요~
411,태종대,376,친절해요 
412,태종대,377,굿
413,태종대,378,좋아요 ㅎㅎ 시험끝나고 아 나 
414,태종대,379,다누비열차 잘되어있어서 편하게 태종대 구경했음 ㅎㅎ
415,태종대,380,굿
416,태종대,381,"태종대 오랫만에 갔는데
좋았어요"
417,태종대,382,좋아요 주차장도 넓어요
418,태종대,383,잼나요
419,태종대,384,"주차하고 올라갔다왔어요

구경하기 좋아요"
420,태종대,385,태종대 다녀왔어요
421,태종대,386,굿
422,태종대,387,굿
423,태종대,388,.
424,태종대,389,부산 가면 꼭 가봐야하는 관광지~ 평일이라 사람이 많지 않아 둘러보기 좋았어요!
425,태종대,390,굿
426,태종대,391,"유람선 타려고 태종대유원지부설주차장에 주차하고 셔틀버스 타고 이동해서 배 탔어요~ 유람선 운행하는 곳이 세군데이니 미리 전화
해서 잘 알아보고 결정하세요. 어떤 유람선은 할인티켓 사면 셔틀 이용이 무료로 안되는 곳도 있었어요. 저희는 전화해서 물어보니 전화
한 사람에 한해서 현장결제해도 할인가로 유람선 티켓 살 수 있고, 셔틀도 무료라고 해서.. 세 군데 다 전화해봤구요. 그리고 아무..."
427,태종대,392,굿
428,태종대,393,부모님과 점심 먹고 슬슬 산책처럼 다녀왔는데 너무 좋았습니다
429,태종대,394,태종대 좋아요. 한바퀴 돌면 상쾌해요
430,태종대,395,좋아요
431,태종대,396,좋아요 
432,태종대,397,주차하기가 편해요
433,태종대,398,저렴해서 자주 이용해요
434,태종대,399,기차 재밌어요
435,태종대,400,:)
436,태종대,401,주차공간이 넓어요
437,태종대,402,주차하기 편리합니다
438,태종대,403,.
439,태종대,404,좋아요
440,태종대,405,굿
441,태종대,406,처음 배타고 돌았는데 너무 멋진걸요<<
442,태종대,407,..
443,태종대,408,탁 트인 개방감이 최고입니다. 
444,태종대,409,조아여조어야조아양조아영
445,태종대,410,🙂
446,태종대,411,주차장이  잘 되어 있어요
447,태종대,412,주차장 넓어서 주차 편해요
448,태종대,413,주차장이 넓고 사람도 많고 걷기운동하기 좋아요
449,태종대,414,😀😀
450,태종대,415,"산책하기 좋고, 아름다워요!!"
451,태종대,416,ㅇㅇ
452,태종대,417,다누리 고장으로 찍고만 갑니다.
453,태종대,418,좋아요
454,태종대,419,사전정산 필수! ㅎㅎ
455,태종대,420,좋아요 
456,태종대,421,절까지는 안갔지만 더운 지금 편하네요
457,태종대,422,좋아요
458,태종대,423,굿
459,태종대,424,태종대 너무 좋았어요
460,태종대,425,태종대 좋아요
461,태종대,426,그냥그래유
462,태종대,427,비가와서 제대로 구경도 못했네요ㅠ
463,태종대,428,^^
464,태종대,429,😅
465,태종대,430,상당히 넓어서 꼭 열차 타세요~~
466,태종대,431,평일 기준으로는 넓지만 주말에는 자리가 없을 수도 있을 거 같아요. 요금은 유람선 안타고 열차랑 보도로 태종대 다 돌고 나온 요금으로 저렴한 거 같아요
467,태종대,432,주차하기 편해요
468,태종대,433,태종대 주차비
469,태종대,434,주차하기 좋아요
470,태종대,435,수국이 예뻣어요
471,태종대,436,"태종대 아름다워요
"
472,태종대,437,"경치를 보면서 편하게 다닐수 있어요.
"
473,태종대,438,굳굳
474,태종대,439,참 좋아요!
475,태종대,440,좋아요
476,태종대,441,"주차장이 복잡하긴 한데, 사전정산기가 있어서 좋아요"
477,태종대,442,조아요~굿~!
478,태종대,443,태종대 산책하기좋아요
479,태종대,444,좋아요
480,태종대,445,태종대. 역시 순환열차타고 관광 
481,태종대,446,좋아요~!
482,태종대,447,주차비싸고 넓어서 좋아요
483,태종대,448,굿
484,태종대,449,경치 좋아요
485,태종대,450,좋아요 
486,태종대,451,넓어요
487,태종대,452,주차하기  편해요
488,태종대,453,걷는 건 등대 내려서도 충분하니 다누비를 꼭 타세요...
489,태종대,454,좋아요 
490,태종대,455,"좋아요~~
"
491,태종대,456,예뻐용
492,태종대,457,ㅇ
493,태종대,458,구경하기 좋아요
494,태종대,459,직원들이 친절햐요
495,태종대,460,굿
496,태종대,461,저렴해요.
497,태종대,462,좋아요
498,태종대,463,너무좋아요
499,태종대,464,"꼭가볼만한곳  
"
500,태종대,465,좋아요 
501,태종대,466,좋아요 
502,태종대,467,좋아요~
503,태종대,468,기차가 운행을 안해서 너무 힘들었어요
504,태종대,469,굳
505,태종대,470,굿
506,태종대,471,좋아요
507,태종대,472,굿
508,태종대,473,좋아요
509,태종대,474,산책하기 좋아요.
510,태종대,475,태종대 바람과함께 구경 잘하고 왔어요 
511,태종대,476,정말 멋진 곳입니다!!
512,태종대,477,태종대유원지 보관함 500원
513,태종대,478,넓어서 좋아요
514,태종대,479,좋아요
515,태종대,480,"다누비열차로 이동, 중간 중간 정류자이 있어 관광하기 좋았슴"
516,태종대,481,"날씨도 좋고 질서도 잘 지키고 
친절 하셔서 즐거운 여행~"
517,태종대,482,굿굿굿굿 좋아요
518,태종대,483,good 
519,태종대,484,굿
520,태종대,485,굿
521,태종대,486,힘들게 걸어가지말고 타고가세요
522,태종대,487,굿
523,태종대,488,굿
524,태종대,489,바다배경으로 아름다운 산을 즐겁게 미니기차타고..
525,태종대,490,굿
526,태종대,491,굿
527,태종대,492,주차비도 싸고조아요 
528,태종대,493,굿
529,태종대,494,경치가 좋아요
530,태종대,495,태종사 좋아요  반했네여
531,태종대,496,친절해요
532,태종대,497,뷰가 멋져요
533,태종대,498,좋아요
534,태종대,499,편의시설
535,태종대,500,태종사 수국이 넘 이뻐요~~
536,태종대,501,좋아요 
537,태종대,502,전망대 너무 좋아ㅛ
538,태종대,503,편하고 좋아요
539,태종대,504,.
540,태종대,505,"결혼전 남편과 연애시절 방문했던 태종대를 10년 가까이 지난 후에 두 딸들과 함께 다시 방문했는데 기억이 날듯말듯하면서도 새롭고 
낯설면서 반갑고 즐거웠습니다~  예전엔 낭떠러지같은 곳에서 겁에 잔뜩 질려 사진 찍었는데 지금은 위험해서 출입금지!  대신 전망대 
계단 잔뜩 올라가서 구경하고 작은 도서관에서 책도 읽고 귀한 추억 쌓았습니다~  오르락 내리락 계단 꽤 많았음에도 4살 7살 열..."
541,태종대,506,좋아요
542,태종대,507,주차공간 좋아요^^
543,태종대,508,편리해요 
544,태종대,509,좋아요
545,태종대,510,좋아요 
546,태종대,511,굿
547,태종대,512,다누비 열차타면서 중간중간 관광할수 있어요 첫도착지 전망대 카페 꼭가세요 오션뷰 무조건 힐링입니다!
548,태종대,513,좋아요
549,태종대,514,잘 구경하고왔어요
550,태종대,515,굿
551,태종대,516,좋아요
552,태종대,517,조아요
553,태종대,518,최고에요
554,태종대,519,순환열차가 오르막 다리불편한 사람들한테는 편리했어요
555,태종대,520,주차장이 넓어요
556,태종대,521,이용이 편리해요
557,태종대,522,한번 정도는 가고싶은곳
558,태종대,523,주차장이넙어요
559,태종대,524,싸게 잘 이용했어용
560,태종대,525,굿
561,태종대,526,굿
562,태종대,527,경치가 너무 좋아요
563,태종대,528,재밌어용ㅋ
564,태종대,529,굿굿
565,태종대,530,굿~
566,태종대,531,감사합니다 
567,태종대,532,귣
568,태종대,533,굿
569,태종대,534,굳굳~!
570,태종대,535,좋아요 
571,태종대,536,기차타고 가니 편하고 좋으네요
572,태종대,537,굿
573,태종대,538,뷰가 좋아요
574,태종대,539,주차하기 편해요
575,태종대,540,주차하기 편해요~
576,태종대,541,굿
577,태종대,542,볼거리가 많아요
578,태종대,543,다누비열차 탈고 돌기 좋아요
579,태종대,544,좋아요
580,태종대,545,굿
581,태종대,546,주차편해요
582,태종대,547,좋아요 
583,태종대,548,주차장이 잘되어있어요
584,태종대,549,.
585,태종대,550,좋아요
586,태종대,551,좋아요 
587,태종대,552,주차장 넑고 좋아요
588,태종대,553,"전망대에 올라 바다뷰도 실컷보고
산책하고 갑니다^^"
589,태종대,554,주차편해요
590,태종대,555,힘들어서 열차 추천이요
591,태종대,556,요즘은 부산도  어딜가나 주차비 받네요
592,태종대,557,바다  뷰가  좋아요
593,태종대,558,굿
594,태종대,559,바람이 어찌나 불던지 전파잡으러갔다 망하고 옴요 사람들도 없고 무서웠어요 
595,태종대,560,가족여행으로 와서 들렸는데 좋아요~ 
596,태종대,561,"태종대!!! 멋쟁이~~~ 
"
597,태종대,562,ㅇ
598,태종대,563,"태종대 좋아요
등대 쪽으로 내려가니 너무 좋네요"
599,태종대,564,차량1대당 2천원의 입장료만 있습니다. 저녁6시이후부터 10시까지 자동차로 입장가능합니다. 그외시간은 차로 입장안됩니다.
600,태종대,565,굿
601,태종대,566,굿
602,태종대,567,좋아요
603,태종대,568,굿
604,태종대,569,절경이 멋있어요
605,태종대,570,좋아요 아름다운 태종대
606,태종대,571,경치가 좋아요
607,태종대,572,너무좋아요
608,태종대,573,좋아요
609,태종대,574,좋아요
610,태종대,575,경치가 장관입니다
611,태종대,576,주차장이 넓어요
612,태종대,577,ㅇ
613,태종대,578,주차비 예전에는 안받았는뎅
614,태종대,579,한번 가보세요
615,태종대,580,굿
616,태종대,581,굿
617,태종대,582,굳
618,태종대,583,부산의 명소답게 깨끗하고 공기좋고 잘 가꿔놨어요
619,태종대,584,가보자 굿
620,태종대,585,굿
621,태종대,586,좋아요 
622,태종대,587,"태종대 주차장 인근 수국
수국축제갔다가  "
623,태종대,588,좋아요!
624,태종대,589,좋아요 !
625,태종대,590,굳굳
626,태종대,591,감사합니다 
627,태종대,592,주차하기 좋고 꼭 사전정산하세요
628,태종대,593,굿
629,태종대,594,좋아요 
630,태종대,595,태종대 너무 예뻐요!!
631,태종대,596,"승차권이 비싸네요
물가가 다올라서 여기도 따라 올랐나요
왕복2000원이 맞는가격 같네요"
632,태종대,597,좋아요
633,태종대,598,전망이 좋음
634,태종대,599,친절해요
635,태종대,600,굿
636,태종대,601,좋아요
637,태종대,602,저렴해요
638,태종대,603,굿
639,태종대,604,주차공간이 넓고 주차비도 저렴해요
640,태종대,605,👍
641,태종대,606,저녁6시~22:00까지 차량출입가능!
642,태종대,607,주차장이넓아요
643,태종대,608,주차장 넓고 좋아요~♡♡♡
644,태종대,609,조개구이 먹으러 갈 때 애용하는 곳
645,태종대,610,좋아요
646,태종대,611,태종대ㅜ구경하러 다누비열차 탔는데 좋네요 걸어서가도 좋지만 열차타면 편하게 왔다갔다할수닜어뇨
647,태종대,612,공영주차장 주차비 넘 착하고 좋아요
648,태종대,613,주차하기 편해요
649,태종대,614,굿
650,태종대,615,주차 가격이 저렴해서 좋습니다
651,태종대,616,좋습니다.
652,태종대,617,멋진 곳 바다경치 아름다워요
653,태종대,618,굿
654,태종대,619,굿
655,태종대,620,태종대 이용하기 편리
656,태종대,621,"경관 굿
이디야 삐에로 기분 잡치게한거빼면"
657,태종대,622,좋아요 
658,태종대,623,"주차장 넓고  주차비 저렴합니다
"
659,태종대,624,주차좋아요
660,태종대,625,굿구
661,태종대,626,전망이 진짜 좋아요. 푸른 바다를 보시고 싶으시다면...
662,태종대,627,좋아요
663,태종대,628,산책하기 너무 좋아요!
664,태종대,629,ㅠ
665,태종대,630,ㅋ
666,태종대,631,굿
667,태종대,632,"저는 일단 만삭 임산부 이구요 음..남편과 함께 다누비 열차를 노약자.장애인.임산부 탑승라인에서 사람들 없을때부터  기다리고 있었습
니다. 사람들은 줄을 이미 다서서 맨뒤로 가야하는 상황이고요. 근데 여자 알바분인지 직원분인지 저희한테 오시더니 ”여긴 휠체어만 탄
분만 타는데인데? 뒤로가서 다시 줄스세요 ㅋㅋ;;“ 하더라고요? 인천에서 부산여행 오고싶어서 왔는데 기분 매우 상했습니다.  그..."
668,태종대,633,저렴
669,태종대,634,귿
670,태종대,635,유람선 타기전에 안전설명도 위트있게 잘들리게 말씀잘해주셔서 꼼꼼히 듣고 배타서 갈매기한테 새우깡도 주고 바람도 쐬고~ 한번쯤 경험해보시면 좋은경험이 되실것같아요~
671,태종대,636,꼭 가보셔요 좋아요 숲내음과 바다바람
672,태종대,637,ㅇㅇ
673,태종대,638,태종대 주차장
674,태종대,639,좋아요
675,태종대,640,주차하기 편해요
676,태종대,641,짐보관 유용해요 
677,태종대,642,굿
678,태종대,643,전망이 시원하고 날 좋으면 대마도도 보여요
679,태종대,644,좋아요 
680,태종대,645,일주도로 걸었는데 날씨도 좋고 거리도 천천히 한시간 정도로 걷기 좋습니다. 
681,태종대,646,안개가 껴서  제대로 경치를 볼수없어서 안타까웠어요
682,태종대,647,그냥 그래요
683,태종대,648,좋아요
684,태종대,649,주차편해요^^
685,태종대,650,"좋아요
"
686,태종대,651,좋아요 
687,태종대,652,굿
688,태종대,653,태종대가고싶었는데 엄두가나지않았는데 순환버스타고 바로바로 내리고 타고하면서 구경할수있어서 참좋았습니다
689,태종대,654,굿
690,태종대,655,ㅋㅋ
691,태종대,656,굿
692,태종대,657,주차비
693,태종대,658,주치하기 편행ㅗ
694,태종대,659,경치 좋고 산책하기 좋고
695,태종대,660,저아요
696,태종대,661,굿 
697,태종대,662,주차하기 편했어요
698,태종대,663,태종대 관광열차를 타면 태종대의 곳곳을 편하게 둘러볼 수 있어서 아주 편리하다. 가격도 적당하고 경로 우대눈 50%할인을 해준다. 성인 3000원
699,태종대,664,주차장에서 다누리열차깢지 250미터
700,태종대,665,좋아요
701,태종대,666,너무 좋아요 한번더 가고싶네요^~^
702,태종대,667,가족끼리 태동대가서 탓어요! 
703,태종대,668,좋아요 
704,태종대,669,태종대 보고 나니  전에 본 모습과 다르게 좋네요.
705,태종대,670,주차하기 편하다
706,태종대,671,멋있다
707,태종대,672,한번쯤 가볼만한곳 
708,태종대,673,주차장 대박이예여
709,태종대,674,좋아요 
710,태종대,675,좋아요
711,태종대,676,좋아요
712,태종대,677,저렴해요
713,태종대,678,좋아요
714,태종대,679,좋아요
715,태종대,680,굿
716,태종대,681,"다누비 타고 가야 다리가 덜아픔.
계단 걸어서 내려가고 올라올때 힘든데
바다가 정말 너무 멋져서 다잊게됨^^"
717,태종대,682,두번 가고 싶진 않지만~  한번도 흰여울마을 안갔다면 갈 수 있을 정도
718,태종대,683,굿
719,태종대,684,굿
720,태종대,685,굿
721,태종대,686,경치 좋아요
722,태종대,687,좋아요
723,태종대,688,좋아요
724,태종대,689,굿
725,태종대,690,좋아요
726,태종대,691,좋아요 
727,태종대,692,굿
728,태종대,693,좋아요
729,태종대,694,친절해요 
730,태종대,695,재밌 어요
731,태종대,696,굿
732,태종대,697,굿
733,태종대,698,순환도로 6키로 걷기 참 좋아요^^
734,태종대,699,좋아요 
735,태종대,700,주차 시설이 넓어요.
736,태종대,701,굿
737,태종대,702,.
738,태종대,703,둘러보기좋아요
739,태종대,704,"주차시설이 넓어요
"
740,태종대,705,👍👍👍👍👍
741,태종대,706,태종대 좋아요ㅎㅎ 주차장도 무척 넓어서 편합니다~ 고양이 좋아하는 분들은 천천히 걸으시면서 산책해보셔요!! 
742,태종대,707,주차쉬워요
743,태종대,708,다누비 다니는거 빼면 걷기 좋아요
744,태종대,709,왕복티켓으로다누비타고 중간중간내려서 구경하고 타고내려올수있어요 중간중간 매표소도있으니 걷다힘들면 티켓구입가능!
745,태종대,710,👍
746,태종대,711,주차하기 좋아요
747,태종대,712,굿
748,태종대,713,장애인 추차할때 사람따로 주차따로 해서 너무 불편했어요
749,태종대,714,ㄱ
750,태종대,715,좋아요
751,태종대,716,굳굳 
752,태종대,717,좋아요
753,태종대,718,조아요
754,태종대,719,재미나오
755,태종대,720,천천히 이야기하며 산책하기 좋아요
756,태종대,721,바다가 멋지고 좋아요
757,태종대,722,요일제 할인 안해줌
758,태종대,723,주차하기 좋아요
759,태종대,724,Very interesting
760,태종대,725,좋아요 
761,태종대,726,젛아요
762,태종대,727,좋어요
763,태종대,728,좋아요
764,태종대,729,태종대...주차장 주차하고 걷기로 한바퀴...전망대에서 잠쉬 쉬어가고...이야기 나누면서 가을을 느낀하루였다
765,태종대,730,ㅎ
766,태종대,731,친절해요 
767,태종대,732,다누비열차 타고 가기 좋아요
768,태종대,733,좋아요 
769,태종대,734,주차비가 비싸요
770,태종대,735,좋아요
771,태종대,736,친절해요 
772,태종대,737,굳
773,태종대,738,굿
774,태종대,739,.
775,태종대,740,ㅇㅇ
776,태종대,741,주차비가사요
777,태종대,742,주차하기 좋아요 
778,태종대,743,좋아요
779,태종대,744,좋아요 
780,태종대,745,"전망대보단 신선대가좋아서 등대에서내렸습니다
바다보고 좋다고내려갓다
올라오는데 별봣네요…그래도경치는 좋습니다"
781,태종대,746,"좋아요
"
782,태종대,747,좋아요
783,태종대,748,굿
784,태종대,749,굿
785,태종대,750,"주차하기
편해요"
786,태종대,751,주차가편해요
787,태종대,752,좋아요
788,태종대,753,굿
789,태종대,754,굿
790,태종대,755,주차장이 넓어요
791,태종대,756,멋져요♥
792,태종대,757,좋아요 
793,태종대,758,굿
794,태종대,759,주차 요금 저렴합니다
795,태종대,760,굿
796,태종대,761,멋지고  주변이 너무 아름다워요
797,태종대,762,주차비 저렴해서 기분좋게 잘 놀고왔어요
798,태종대,763,좋아요 
799,태종대,764,굿굿
800,태종대,765,🙂
801,태종대,766,ㄱ
802,태종대,767,태종대 멋져요 
803,태종대,768,굿
804,태종대,769,"걷지마세요!!!!! 무조건 다누비 타세요ㅎㅎ 10년전에 와서 걸어서만 태종대 여행했는데 다누비 타고 다니니까 너무 편해요💛 부모님도 
대만족하셨습니다ㅎㅎ 원하는 정류장에서 내려서 그냥 걸으셔도 되니까 다 걷지 마시고 무조건!! 다누비 열차 탑시다"
805,태종대,770,넓어요 
806,태종대,771,  태종대는  다누비를 아용하세요 편해요
807,태종대,772,좋아요. 추천합니다.
808,태종대,773,태종대 구경하기 위해 주차장으로 좋아요
809,태종대,774,한번 가기 좋아요
810,태종대,775,주차하기좋아요
811,태종대,776,뷰가 좋고 산책하기 좋아요
812,태종대,777,좋아요
813,태종대,778,굿
814,태종대,779,다누비열차타고 이곳 저곳 둘러보니 좋아요
815,태종대,780,부산갈때마다 가요 산책로로 정말 좋은! 이번엔 특히날씨가 좋아서 천천히 오래 걸었던것같아요 간만에 진짜 행복하단 생각 들었습니다
816,태종대,781,좋아요 
817,태종대,782,좋아요
818,태종대,783,조아요 
819,태종대,784,멋진풍경. 예쁜 길고양이들이  많아요
820,태종대,785,아름다운 태종대 너무 좋아요
821,태종대,786,좋아요
822,태종대,787,좋아요 
823,태종대,788,주차요금  저렴하고 편해요
824,태종대,789,굿
825,태종대,790,좋아요
826,태종대,791,.
827,태종대,792,저렴하고 이용하기 편해요
828,태종대,793,좋아요 
829,태종대,794,좋아요 
830,태종대,795,굿
831,태종대,796,좋아요
832,태종대,797,굿
833,태종대,798,고양이들이 너무 기여워요 ㄹㅇ 힐링됨 어서어서 오세용
834,태종대,799,태종대 1시간30분 코스로 좋아요
835,태종대,800,주차가 편해요
836,태종대,801,편하게 좋은 풍경 감상하고 왔어요. 고양이들도 많이 만났어요❤️
837,태종대,802,주차장 넓어요
838,태종대,803,굿
839,태종대,804,굿
840,태종대,805,재방문예정입니다
841,태종대,806,길냥이 들이 많아서 좋았음
842,태종대,807,태종대랑 가까워요
843,태종대,808,너무 추워서 탔는데 제대로 구경하려면 걸어가는게 더 좋을 것 같아요
844,태종대,809,주차하기 편해요
845,태종대,810,주차하기 좋아요
846,태종대,811,좋아요.
847,태종대,812,경치가 아주 좋은 곳이에요
848,태종대,813,태종대 좋아여~
849,태종대,814,조아요
850,태종대,815,뷰가 멋져요
851,태종대,816,좋아요
852,태종대,817,재미나요
853,태종대,818,조아오
854,태종대,819,굿
855,태종대,820,너무좋았어요뷰가끝내주네요
856,태종대,821,주차장이 넓어요
857,태종대,822,좋아요
858,태종대,823,주차
859,태종대,824,주차장이 넓어요
860,태종대,825,^^
861,태종대,826,^^
862,태종대,827,주차장이 낣어요
863,태종대,828,주치비
864,태종대,829,좋아요
865,태종대,830,산책하기 좋아요
866,태종대,831,태종대 가족과 즐겁게 관람했어요 ^-^
867,태종대,832,58분에 1000원
868,태종대,833,넓어요
869,태종대,834,주차하기 좋아요
870,태종대,835,너무멋있어용ㄱ
871,태종대,836,"뷰가 좋고, 친절해요"
872,태종대,837,태종대 주차장이 넖어 주차하기 편리해요
873,태종대,838,볼게많아요
874,태종대,839,주차편리
875,태종대,840,"주차시설 좋네요
부산은 어딜 가나 바다뷰가 넘 좋아요"
876,태종대,841,좋아요
877,태종대,842,주차하기 편하였음
878,태종대,843,굿
879,태종대,844,굿
880,태종대,845,좋아
881,태종대,846,주차비 완전 저렴해서 좋네요 최고임
882,태종대,847,굿
883,태종대,848,주차장이 넓고 주차비가 저렴해요
884,태종대,849,자밌었어요
885,태종대,850,입구에서 200미터나 올라가서 타야하니 노약자는 생각안하는듯해요 ㅠ
886,태종대,851,"다누비열차타고 전망대,  등대 다녀왔어요."
887,태종대,852,굳
888,태종대,853,ㅋㅋㅋㄲ
889,태종대,854,굿
890,태종대,855,굿
891,태종대,856,굿
892,태종대,857,아름다운 태종대
893,태종대,858,좋아요
894,태종대,859,좋아요
895,태종대,860,다누비 열차가 있어서 편하게 구경 가능하며 유람선도 있어서 관광하기 좋음
896,태종대,861,굿
897,태종대,862,주차장이 넓어요~
898,태종대,863,변함없네요
899,태종대,864,태종대 주차장은 하이브리드 할인이 되네요
900,태종대,865,친절해요~ 태종대 좋아요
901,태종대,866,"부산 대표 관광지 
짱! "
902,태종대,867,굿
903,태종대,868,즐거워요
904,태종대,869,시간상 패스
905,태종대,870,좋아요
906,태종대,871,good
907,태종대,872,멋져요
908,태종대,873,좋아요
909,태종대,874,조아요
910,태종대,875,좋아요 
911,태종대,876,좋아요 
912,태종대,877,좋아요
913,태종대,878,좋아요
914,태종대,879,태종대 멋집니다
915,태종대,880,좋아요~!
916,태종대,881,"날씨가 흐려지만 걷기에 좋았습니다.
가을인데 목련이 피어있네요.."
917,태종대,882,좋아요
918,태종대,883,굿굿
919,태종대,884,좋아요
920,태종대,885,걸만함
921,태종대,886,좋아요
922,태종대,887,좋아요
923,태종대,888,주차장이 커서 좋아요
924,태종대,889,주차하고 유람선 타고 구경 멋져요
925,태종대,890,다누비 열차 필수
926,태종대,891,굿
927,태종대,892,좋아요.
928,태종대,893,굿~~
929,태종대,894,좋아요 😀 
930,태종대,895,조아여 ㅎㅎ
931,태종대,896,부산 가면 항상 방문하는 곳. 너무 좋아요!
932,태종대,897,좋아요 
933,태종대,898,좋아요
934,태종대,899,"태종대 주차장   넒고   주차시키기
편했어요"
935,태종대,900,번창하세요 
936,태종대,901,굿
937,태종대,902,굿
938,태종대,903,너무 좋아요~부산갈때마다 꼭가요ㅜㅜ
939,태종대,904,귯
940,태종대,905,굿!
941,태종대,906,경치가좋아요
942,태종대,907,아주좋아요자주갑니다 
943,태종대,908,굿
944,태종대,909,좋아요
945,태종대,910,굿
946,태종대,911,여기는 정말 좋아요 
947,태종대,912,"경치도 좋고 다누리호도 귀엽고 즐거운 시간이었어요
영도 등대 끝까지 올라가는건 너무 힘들었지만 재미있는 기억이 되었어요"
948,태종대,913,넓어요
949,태종대,914,주차시스템이 잘되어있어요
950,태종대,915,재밌었어요
951,태종대,916,좋아요
952,태종대,917,굿
953,태종대,918,조아요
954,태종대,919,"주차요금 지불하고 차 있는 곳에 와보니 일몰의 해를 보고 찰칵!
일몰을 보리라 기대도 안했는데 와우!"
955,태종대,920,가격이 저렴하고 넘 편해요
956,태종대,921,주차장넓고 싸고 좋아요!
957,태종대,922,굿
958,태종대,923,혼잡하지않게.회차지정.승차해서좋았
959,태종대,924,넓고 저렴하고 좋아요
960,태종대,925,조개먹고산책한번하면굳
961,태종대,926,좋아요
962,태종대,927,굿
963,태종대,928,굿
964,태종대,929,굿
965,태종대,930,좋아요~~~~
966,태종대,931,편해요
967,태종대,932,굿
968,태종대,933,주차비도 저렴해요
969,태종대,934,그저그랬어요ㅠㅠ
970,태종대,935,편리해요~~
971,태종대,936,추억만들었어요
972,태종대,937,주차하기조아요
973,태종대,938,직원분이 유람선 타라는 말씀을 많이 하십니다.
974,태종대,939,굿
975,태종대,940,굿
976,태종대,941,태종대주차장..무인시스템인데 미리 정산안한사람들 때문에 시간지체되었어요
977,태종대,942,ㆍ
978,태종대,943,풍경이 너무 좋지만 관리는 미흡해 보입니다
979,태종대,944,주차하기 좋네요
980,태종대,945,바다 바람
981,태종대,946,굿
982,태종대,947,시설 굿
983,태종대,948,주차장이 넓어요
984,태종대,949,좋아요
985,태종대,950,굿
986,태종대,951,굿
987,태종대,952,좋아요
988,태종대,953,주차장에 잘주차함
989,태종대,954,"기차처럼 생긴 귀여운 버스를 타고 태종대 전망을 보면서 올라갔다 내려 갈수 있습니다 
가격은 성인 3천원 
시간적 여유가 있고 다리가 튼튼하시다면 걸어 가는것도 괜찮을듯.."
990,태종대,955,주차하기가 편리해요
991,태종대,956,굳
992,태종대,957,조아요
993,태종대,958,친절합니다
994,태종대,959,주차하기 좋아요.
995,태종대,960,좋아요
996,태종대,961,굳
997,태종대,962,열차타고 태종대  최고였습니다
998,태종대,963,뷰가좋아요 사진찍기 좋아요
999,태종대,964,좋아요
1000,태종대,965,좋아요
1001,태종대,966,산책하기 조ㅎ아요요
1002,태종대,967,산책하기 좋고 고양이들이 많아요
1003,태종대,968,굿
1004,태종대,969,주차비가 저렴하니  좋네요
1005,태종대,970,ㆍ
1006,태종대,971,주차
1007,태종대,972,유원지 잘다녀왔어요
1008,태종대,973,즐거웠어요
1009,태종대,974,좋아요~
1010,태종대,975,조아요
1011,태종대,976,물품보관하고 구경하니 편해요
1012,태종대,977,산책하기 좋고 다녀오면 힐링이됩
1013,태종대,978,관광한때 힘이 안들어서 좋았어요
1014,태종대,979,굿
1015,태종대,980,좋아요
1016,태종대,981,좋아요 
1017,태종대,982,다누비 열차타고 관람하니  좋네요
1018,태종대,983,"다누비열차를 이용해서 편하게 태종대를 둘러볼 수 있었어요!
만족합니다 ㅎㅎ"
1019,태종대,984,멋지고 좋아요
1020,태종대,985,좋아용 좋아요
1021,태종대,986,넓어요
1022,태종대,987,굿
1023,태종대,988,좋아요.
1024,태종대,989,편하게 놀러가기 좋아요
1025,태종대,990,친절해요
1026,태종대,991,좋아요 
1027,태종대,992,좋아요
1028,태종대,993,좋아요.
1029,태종대,994,구경하기  좋아요.
1030,태종대,995,교통수단 다양해서좋네요
1031,태종대,996,감사합니다 
1032,태종대,997,부산은 주차비가 넘 비싼데 그나마 여기는 덜 비싸네요
1033,태종대,998,주차장널비어요
1034,태종대,999,관광지예요 경관이 좋아요
1035,태종대,1000,좋아요
1036,태종대,1001,주차하기 편해요
1037,태종대,1002,주차하기 좋아요
1038,태종대,1003,좋아요
1039,태종대,1004,굿
1040,태종대,1005,즐거운여행
1041,태종대,1006,Good 
1042,태종대,1007,굿
1043,태종대,1008,태종대를 편하게 볼 수 있어서 좋아요
1044,태종대,1009,"주차 편해요. ^^
생각보다 넓으니까 쭉 돌아보려면 두어시간은 생각하셔야 해요. ^^"
1045,태종대,1010,좋아요
1046,태종대,1011,좋아요
1047,태종대,1012,좋아요
1048,태종대,1013,좋아요 
1049,태종대,1014,좋아요
1050,태종대,1015,굿
1051,태종대,1016,좋앙
1052,태종대,1017,추천
1053,태종대,1018,친절하세요 
1054,태종대,1019,저렴하고 넓어요
1055,태종대,1020,굿
1056,태종대,1021,좋아요
1057,태종대,1022,주차료가 저렴해서 좋아요
1058,태종대,1023,깨끗하고 좋아요!
1059,태종대,1024,"주차장 한시간에 천원이라 부담없이 다녀왔고 교통정산기가 카드나 페이도 되어서 좋았습니다 기계 잘 모르니까 직원분이 알려주셨어
요 버스전용이라고 되어 있는 주차장인데 바로 옆에 일반 승용차 주차할 수 있어요 태종대 자체는 별로였네요 그냥 바다와 섬인데다가 
걷는 코스는 나무때문에 바다가 안보여요 다누비 열차로 그냥 한바퀴 도는게 좋은 것 같아요"
1060,태종대,1025,좋아요
1061,태종대,1026,짐맏기기좋아요
1062,태종대,1027,굿
1063,태종대,1028,좋아요~~~~~~
1064,태종대,1029,Good 
1065,태종대,1030,좋아요 
1066,태종대,1031,"아름다운 태종대!
내마음속에 저장꾹!
몽글몽글 자갈돌이 넘 귀여운 바다뷰💙"
1067,태종대,1032,태종대 관광하기 너무 좋아요
1068,태종대,1033,좋아요
1069,태종대,1034,시설좋고 주차간격도 넓고좋아요 
1070,태종대,1035,나쁘지 않아요
1071,태종대,1036,"힐링,,🫶🏻(공사중이라 구경은 못함 ㅠ,,)"
1072,태종대,1037,👍🏻👍🏻
1073,태종대,1038,좋아요
1074,태종대,1039,주차장에 차 세워서 편히 다닐수 있었어요
1075,태종대,1040,.
1076,태종대,1041,굿
1077,태종대,1042,좋아요 
1078,태종대,1043,좋아요 
1079,태종대,1044,좋아요 
1080,태종대,1045,좋아요~~~
1081,태종대,1046,좋아요
1082,태종대,1047,이뻐요
1083,태종대,1048,굿
1084,태종대,1049,친절해요
1085,태종대,1050,주차비도  저렴하고 주차하기 편해요
1086,태종대,1051,재밌어요
1087,태종대,1052,주차하기 편해요
1088,태종대,1053,붓싼~😊
1089,태종대,1054,좋아요 
1090,태종대,1055,부산 대표 관광지 태종대!!  경치가 좋습니다. 여름 겨울 다 가보았는데 모두 좋네요. 다누비열차는 필수입니다. 넓어서 계속 걷기엔 무리이고 여름에는 특히 힘들어요. 
1091,태종대,1056,"좋아요. 뷰가 예술입니다. 운 동 삼아 걷는 것도 좋아요."
1092,태종대,1057,굳
1093,태종대,1058,힘들지않게 전망 즐길수있어  좋아요
1094,태종대,1059,좋아요
1095,태종대,1060,굿
1096,태종대,1061,덕분에 편하게 주차했습니다.
1097,태종대,1062,좋아요 너무 바다가 예뻐요
1098,태종대,1063,굿
1099,태종대,1064,굿
1100,태종대,1065,좋아요.
1101,태종대,1066,굿
1102,태종대,1067,굿
1103,태종대,1068,좋아요
1104,태종대,1069,좋아요 
1105,태종대,1070,좋아요 
1106,태종대,1071,관람하기 좋아요
1107,태종대,1072,굿
1108,태종대,1073,좋아요 
1109,태종대,1074,좋아요좋아요
1110,태종대,1075,자리가 넓고 많아요
1111,태종대,1076,좋ㅇ
1112,태종대,1077,맛있어요!
1113,태종대,1078,좋아요 
1114,태종대,1079,좋아요 
1115,태종대,1080,"영도 바닷가 
좋아요"
1116,태종대,1081,좋아요
1117,태종대,1082,주차 공간 넓어요
1118,태종대,1083,굿
1119,태종대,1084,굿
1120,태종대,1085,전망대서본 바다 멋져요
1121,태종대,1086,👍
1122,태종대,1087,구
1123,태종대,1088,좋습니다
1124,태종대,1089,굳
1125,태종대,1090,굳
1126,태종대,1091,엄청 넓고 좋네요
1127,태종대,1092,ㅎㅎ
1128,태종대,1093,굿
1129,태종대,1094,다누비열차 타고 구경하니까 정말 좋아요!
1130,태종대,1095,전망아주좋아요 대마도도봤어요
1131,태종대,1096,좋아요 
1132,태종대,1097,굳굳 좋아용!!
1133,태종대,1098,주차가 편리해쇼
1134,태종대,1099,"태종대열차
경관최고
꼭 이용해보세요~~"
1135,태종대,1100,굿
1136,태종대,1101,굿
1137,태종대,1102,굿
1138,태종대,1103,좋아요 
1139,태종대,1104,경치 날씨 짱짱
1140,태종대,1105,좋아요 
1141,태종대,1106,저렴하지만 현금영수증은 왜 안 될까요
1142,태종대,1107,굿굿
1143,태종대,1108,서울 다둥이카드도 돼네요^^ 주차 편하게 하고 갑니다^^
1144,태종대,1109,good
1145,태종대,1110,왓다면 꼭타시는게 !
1146,태종대,1111,조개는태종대  
1147,태종대,1112,주차가 펴ㄴ리함
1148,태종대,1113,편리해요
1149,태종대,1114,좋아요 
1150,태종대,1115,굿
1151,태종대,1116,태종대 주차장 이용하기 편리했습니다
1152,태종대,1117,좋아요 
1153,태종대,1118,주차비가 비싸요
1154,태종대,1119,주차하기  편하고 주차공간도 넓어요
1155,태종대,1120,좋아요
1156,태종대,1121,주차장괜찮아요
1157,태종대,1122,굿
1158,태종대,1123,굿
1159,태종대,1124,조아
1160,태종대,1125,굿~
1161,태종대,1126,친절해요
1162,태종대,1127,좋아여 또갈거예여 굳굳 베리굳 
1163,태종대,1128,태종대는 말하지 않아도 다들 아실듯요
1164,태종대,1129,넓고 좋습니다
1165,태종대,1130,주차시설이 좀더 편햇으면
1166,태종대,1131,주차하기 편리해요.
1167,태종대,1132,편리해요
1168,태종대,1133,.
1169,태종대,1134,갑자기 비와서 아무것도 못보고 주차비만 내고감ㅠ
1170,태종대,1135,좋아요
1171,태종대,1136,좋아요!!
1172,태종대,1137,좋아요
1173,태종대,1138,좋아요
1174,태종대,1139,좋아요
1175,태종대,1140,좋습니다.
1176,태종대,1141,굿
1177,태종대,1142,태종대가면 다누비를 꼭!
1178,태종대,1143,👍👍👍👍👍
1179,태종대,1144,친절하고조아요
1180,태종대,1145,태종대공영주차비저렴하네용~
1181,태종대,1146,부산여행 2일차 태종대 방문!!
1182,태종대,1147,넓어서 조아요
1183,태종대,1148,좋더라구요
1184,태종대,1149,가격도 착하고 다누비열차 정류장까지 오분 정도만 걸어가면 됩니다.
1185,태종대,1150,5시10분차 바로 타고 올라갔어요. 아이데리고 걸어올라가기엔 무리였는데 차가 있어서 다행이요. 근데 요즘 해가 빨리 떨어져서 6시면 깜깜~참고하세요.전망대에서 조용히 일몰 감상하고 싶은데 2층 음식점?에서 틀은 음악소리가 시끄러워서 그게 흠~
1186,태종대,1151,좋아요 
1187,태종대,1152,좋아요
1188,태종대,1153,굿
1189,태종대,1154,좋아요
1190,태종대,1155,등산하다가  가요
1191,태종대,1156,굿
1192,태종대,1157,좋아요
1193,태종대,1158,ㅇㅇ
1194,태종대,1159,친절해요 
1195,태종대,1160,"다누비 열차로 편하게 올라가요 영도구민으로 천원할인도 받음! 태종사가 수국 유명한 지도 몰랐는 데 이번엔 늦게 핀다고..;; 내려오는 
길에 조내기고구마말랭이 사왔는 데 존맛"
1196,태종대,1161,절경이에요 ㅎㅎ
1197,태종대,1162,친절하다
1198,태종대,1163,조아요
1199,태종대,1164,주차장이 이용하기편함
1200,태종대,1165,좋아요 
1201,태종대,1166,주차비 후덜덜
1202,태종대,1167,태종대 전망대 꼭보셔야해요!!!!
1203,태종대,1168,좋아요
1204,태종대,1169,뷰좋음 
1205,태종대,1170,"산책하기 좋습니다
"
1206,태종대,1171,ㅎㅎㅎ
1207,태종대,1172,좋아요 
1208,태종대,1173,좋아요
1209,태종대,1174,짱 저렴
1210,태종대,1175,"처음가본 태종대 뭐 극
냥~"
1211,태종대,1176,좋아요
1212,태종대,1177,굿
1213,태종대,1178,굿
1214,태종대,1179,친절합니다 
1215,태종대,1180,친절해요 ㅎ
1216,태종대,1181,편하게 이용했어요
1217,태종대,1182,주차장넓고좋아요
1218,태종대,1183,ㅇㅇ
1219,태종대,1184,ㄱ
1220,태종대,1185,굿
1221,태종대,1186,굿
1222,태종대,1187,주차구역이 넓어요
1223,태종대,1188,"하필 이날 열차가 망가지다니…!
그래서 강제로 걷게됐는데 멋진 풍경 많이 보고가요.
태종사를 못 봐서 넘 아쉽네요"
1224,태종대,1189,ㆍ
1225,태종대,1190,주차장이 잘 되어있어요
1226,태종대,1191,너무 좋아요! 추천
1227,태종대,1192,ㅈㅇㅇ
1228,태종대,1193,"고양이가족이 살고있는 태종대
.
주차장"
1229,태종대,1194,좋아요
1230,태종대,1195,굿
1231,태종대,1196,좋아요 
1232,태종대,1197,굿
1233,태종대,1198,좋아요 
1234,태종대,1199,좋아요 
1235,태종대,1200,좋아요 
1236,태종대,1201,재미있어요
1237,태종대,1202,굿
1238,태종대,1203,좋네요.태종대
1239,태종대,1204,풍경이너무좋아요!
1240,태종대,1205,주차가 편해요
1241,태종대,1206,주차하기편햬요
1242,태종대,1207,굿
1243,태종대,1208,가슴이 다 시원해지는 부산바다... 너무 좋아요!
1244,태종대,1209,굿
1245,태종대,1210,태종대 주차장 굿
1246,태종대,1211,태종대 주차창이 넓고 주차 안내하시는 분이 더운 날씨에고 일일히 다 설명 잘 해주시네여. 덕분에 유람선도  시간 늦지않게 잘 탔어요
1247,태종대,1212,주차장 넓고 좋아요~
1248,태종대,1213,좋아요
1249,태종대,1214,태종대 유람선 
1250,태종대,1215,굿
1251,태종대,1216,태종대 넘 예뻐요 ㅠ
1252,태종대,1217,굿
1253,태종대,1218,주차장 넓어요
1254,태종대,1219,재미있었어요^
1255,태종대,1220,태종대 굿
1256,태종대,1221,굿
1257,태종대,1222,부설주차장 1시간 47분에 2천원나왔어요
1258,태종대,1223,굿
1259,태종대,1224,좋아요
1260,태종대,1225,좋아요
1261,태종대,1226,"좋아요
"
1262,태종대,1227,귀여워요 ㅎㅎㅎㅎ 젤 마지막에서 내려오면서 탑승하는게 좋아요
1263,태종대,1228,경치는 최고내요~~
1264,태종대,1229,"생각외주차비싼편
유람선관광아주좋았어요"
1265,태종대,1230,빠르진 않지만 걷기만 하기 힘든 코스예요..  탑승 추천합니다.
1266,태종대,1231,편리를 위해 이용하기 좋아요
1267,태종대,1232,귣
1268,태종대,1233,친절해요
1269,태종대,1234,친절해요
1270,태종대,1235,좋아요 추천
1271,태종대,1236,좋아요 
1272,태종대,1237,친절해요 ^^
1273,태종대,1238,"날이 더워서 걷지 않았다.
다음에 따로 가 볼 예정"
1274,태종대,1239,좋아요
1275,태종대,1240,좋아요
1276,태종대,1241,좋아요
1277,태종대,1242,좋아요~
1278,태종대,1243,굿~~
1279,태종대,1244,주차장넓어
1280,태종대,1245,굿
1281,태종대,1246,"이번 부산여행은 더위와의 한판 승부인가요!
태종대 줄줄이 버스에 에어컨을 달아주세요."
1282,태종대,1247,구경 잘하고 돌아왔어요~
1283,태종대,1248,주차공간이 넓어요
1284,태종대,1249,관리하는 인원이 없는듯
1285,태종대,1250,굿
1286,태종대,1251,ㅈ
1287,태종대,1252,🙂
1288,태종대,1253,비싸요
1289,태종대,1254,너무 예뻐요
1290,태종대,1255,귣
1291,태종대,1256,멋있어요!!! 다누비 열차를 못타서 아쉬워요🥲
1292,태종대,1257,좋아요
1293,태종대,1258,멋짐
1294,태종대,1259,여름햇살은 뜨거웠지만  바다보니 좋았어요
1295,태종대,1260,ㄱ
1296,태종대,1261,너무 좋았어요
1297,태종대,1262,굿
1298,태종대,1263,좋네요 
1299,태종대,1264,주차장이 턻어요
1300,태종대,1265,주차장이 넓어요
1301,태종대,1266,마음에 들어요
1302,태종대,1267,바람 완전 많이불어요!!ㅋㅋㅋ 머리가 만신창이가 되지만 좋아요 오전에 비가와서 열차 못타고 와서 너무 아쉬워요 ㅠㅠ
1303,태종대,1268,좋아요 
1304,태종대,1269,🚘
1305,태종대,1270,좋아요 
1306,태종대,1271,좋아요
1307,태종대,1272,좋아요
1308,태종대,1273,좋아요 
1309,태종대,1274,좋아요 
1310,태종대,1275,굳굳
1311,태종대,1276,굿
1312,태종대,1277,좋아요
1313,태종대,1278,좋아요 
1314,태종대,1279,유아틱하며 즐거워요
1315,태종대,1280,넓고 깨끗하니 😀 
1316,태종대,1281,굿
1317,태종대,1282,굿
1318,태종대,1283,좋아요 
1319,태종대,1284,"태종대는 낮에는 꼭 산책을 저녁엔 조개구이죠
주차장 주차비 저렴하고 무인정산소 편해요"
1320,태종대,1285,깔끔하고 정돈이 잘되어 있네요...
1321,태종대,1286,걷기좋아욤
1322,태종대,1287,좋아요 
1323,태종대,1288,국
1324,태종대,1289,좋아요
1325,태종대,1290,태종사의 수국이 참 예뻐요. 월요일과 우천시는 다누비 열차가 운행안하니 참조. 넓고 저렴한 주차장있어요.
1326,태종대,1291,널찍해요
1327,태종대,1292,좋아요 
1328,태종대,1293,좋아요^^
1329,태종대,1294,좋아요 
1330,태종대,1295,주차비 저렴해요^^
1331,태종대,1296,👍
1332,태종대,1297,굿
1333,태종대,1298,좋아요
1334,태종대,1299,운동하기 좋은곳
1335,태종대,1300,부산
1336,태종대,1301,좋아요 
1337,태종대,1302,재미있어요
1338,태종대,1303,굿
1339,태종대,1304,조아요
1340,태종대,1305,좋아요
1341,태종대,1306,좋아요
1342,태종대,1307,태종대 굿 ! 주차요금 베드 !
1343,태종대,1308,굿
1344,태종대,1309,주차잘했어요 따수움
1345,태종대,1310,밤드라이브딱이에요
1346,태종대,1311,저녁에 방문 가능합니다
1347,태종대,1312,좋아용
1348,태종대,1313,굿.한참걷ㅣ 좋은곳
1349,태종대,1314,굿~! 태종대 잘보고 왔어용^^
1350,태종대,1315,ㅎ
1351,태종대,1316,굿
1352,태종대,1317,주차장이 넓어요
1353,태종대,1318,주차공간 많아요
1354,태종대,1319,넓어서 좋아요. 주차장에 그늘이 많으면 좋겠어요.
1355,태종대,1320,주차하기 좋아요
1356,태종대,1321,주차장이ㅈ넓어요
1357,태종대,1322,.
1358,태종대,1323,좋아영
1359,태종대,1324,주차장이 넓어요
1360,태종대,1325,항상 갈때마다 멋잏어 토 갑니다
1361,태종대,1326,굿
1362,태종대,1327,넖고좋아요
1363,태종대,1328,굿
1364,태종대,1329,굿
1365,태종대,1330,굿
1366,태종대,1331,👍🏻
1367,태종대,1332,좋아요
1368,태종대,1333,주하하기좋아요
1369,태종대,1334,굿
1370,태종대,1335,굿
1371,태종대,1336,산책하기조아요
1372,태종대,1337,편해요
1373,태종대,1338,굿
1374,태종대,1339,좋아요
1375,태종대,1340,굿
1376,태종대,1341,좋아요 
1377,태종대,1342,넘좋았어요~
1378,태종대,1343,좋아요
1379,태종대,1344,굿굿
1380,태종대,1345,ㅇ
1381,태종대,1346,굿
1382,태종대,1347,굿
1383,태종대,1348,주차편리
1384,태종대,1349,태종대 여행좋았어요
1385,태종대,1350,친절해요
1386,태종대,1351,주차장이 턻어요
1387,태종대,1352,주차비가 저렴해요
1388,태종대,1353,굿
1389,태종대,1354,주차비가 너무 저렴해요
1390,태종대,1355,굿
1391,태종대,1356,주차가 편해요
1392,태종대,1357,친절하세요 
1393,태종대,1358,굿
1394,태종대,1359,굿
1395,태종대,1360,멀어서 기차거의 필수에요 도로 막아놓고 기차만 다닐수있어요 
1396,태종대,1361,주차장 넓어요
1397,태종대,1362,"최고였어요
우리나라에 이런 멋진 곳이 있다니…
감동이었어요"
1398,태종대,1363,ㄱ
1399,태종대,1364,주변배경이너무멋져요
1400,태종대,1365,굿굿
1401,태종대,1366,편리해요
1402,태종대,1367,전망이좋아요
1403,태종대,1368,20년만에 재방문♡
1404,태종대,1369,굿
1405,태종대,1370,굿
1406,태종대,1371,멋져요 
1407,태종대,1372,좋아요
1408,태종대,1373,좋아요
1409,태종대,1374,"주차하기 좋고
관리하시는 분도 친절합니다"
1410,태종대,1375,조금 덥긴했지만 다누비열차 타고 올라가고 내려오니까 힘들진않았어요 날씨도 좋아서 부모님도 좋아하셨어요
1411,태종대,1376,좋아요
1412,태종대,1377,뷰가 좋아요
1413,태종대,1378,부산하면 태종대!
1414,태종대,1379,멋있었어요
1415,태종대,1380,태종대주차장 나름 싸다!
1416,태종대,1381,좋아요
1417,태종대,1382,굿
1418,태종대,1383,굿
1419,태종대,1384,굿
1420,태종대,1385,좋아요 
1421,태종대,1386,굿
1422,태종대,1387,친절 
1423,태종대,1388,언제와도 뷰가 참 좋네요~
1424,태종대,1389,행복티켓 내도가니 지켜준 고마운 티켓
1425,태종대,1390,좋아요
1426,태종대,1391,좋아요 
1427,태종대,1392,"돈만 내구왓네
비가 와 열차 운행 안해서 드가지두몬하구"
1428,태종대,1393,좋아요
1429,태종대,1394,좋아요
1430,태종대,1395,편하게 다녀왔네요
1431,태종대,1396,주차장 편했습니다
1432,태종대,1397,산책하기좋아오
1433,태종대,1398,주차가편해요
1434,태종대,1399,좋아요
1435,태종대,1400,좋아요
1436,태종대,1401,재밋게놀다왓어요
1437,태종대,1402,굿
1438,태종대,1403,친절하세용
1439,태종대,1404,굿
1440,태종대,1405,굿
1441,태종대,1406,굿
1442,태종대,1407,버스타고 산책하기좋은곳이네요
1443,태종대,1408,뷰가 좋아요
1444,태종대,1409,좋아요
1445,태종대,1410,산책하기 좋았어요
1446,태종대,1411,귿
1447,태종대,1412,ㅇ
1448,태종대,1413,메
1449,태종대,1414,등대 이뻐요
1450,태종대,1415,태종대에서 2시간 40분쯤 걸렸는데 주차비 3000원 나왔어요! 저렴한것같아요
1451,태종대,1416,ㅣ
1452,태종대,1417,굿
1453,태종대,1418,열차타고 마음편히 구경했어요ㅎㅎ
1454,태종대,1419,친절해요 
1455,태종대,1420,좋아요
1456,태종대,1421,조아요
1457,태종대,1422,좋아요 
1458,태종대,1423,넓어요
1459,태종대,1424,좋아요
1460,태종대,1425,예전엔 종일 천원이었는데ㅜ
1461,태종대,1426,조아요
1462,태종대,1427,좋아요 
1463,태종대,1428,태종대 놀러갔다가 잘 이용했습니다
1464,태종대,1429,좋아요
1465,태종대,1430,"태종대 약25년만에 다시왔네요
장관이네요"
1466,태종대,1431,좋아요
1467,태종대,1432,좋아요
1468,태종대,1433,좋아요 
1469,태종대,1434,좋아요 
1470,태종대,1435,굿
1471,태종대,1436,굿
1472,태종대,1437,좋아요
1473,태종대,1438,좋아요
1474,태종대,1439,좋아요 
1475,태종대,1440,좋아요 
1476,태종대,1441,주차장이 넓어요
1477,태종대,1442,굿
1478,태종대,1443,좋아요 
1479,태종대,1444,좋네요
1480,태종대,1445,좋네요
1481,태종대,1446,굿
1482,태종대,1447,ㅎ
1483,태종대,1448,태종대 너무 좋아요><
1484,태종대,1449,주차공간이 좋아요
1485,태종대,1450,굿
1486,태종대,1451,공원이 깨끗하고 산보하기 좋은곳입니다
1487,태종대,1452,굿
1488,태종대,1453,좋아요 
1489,태종대,1454,굿
1490,태종대,1455,좋네요
1491,태종대,1456,좋네요
1492,태종대,1457,ㄹ
1493,태종대,1458,그ㅅ
1494,태종대,1459,친절해요 에어컨만있었음 더좋았을꺼같아요
1495,태종대,1460,좋아요 
1496,태종대,1461,좋아요 
1497,태종대,1462,좋 아요
1498,태종대,1463,굿
1499,태종대,1464,굿
1500,태종대,1465,ㅇㅇ
1501,태종대,1466,좋아요
1502,태종대,1467,조하요
1503,태종대,1468,구
1504,태종대,1469,귯
1505,태종대,1470,굿
1506,태종대,1471,"정말 좋아요
언제와도 좋을거같아요"
1507,태종대,1472,좋아요 
1508,태종대,1473,좋아요
1509,태종대,1474,예뻐요
1510,태종대,1475,좋아요
1511,태종대,1476,좋아요 
1512,태종대,1477,좋아요 
1513,태종대,1478,좋아요 
1514,태종대,1479,주차장
1515,태종대,1480,창문이 뚫려있어서 한여름에 타면 좀 덥긴한데 재밌어요ㅋㅋㅋ 가격도 합리적임
1516,태종대,1481,굿
1517,태종대,1482,좋아요
1518,태종대,1483,굿
1519,태종대,1484,너무좋아요 
1520,태종대,1485,좋아요
1521,태종대,1486,주차장 넓어요
1522,태종대,1487,주차장이 넓어요
1523,태종대,1488,굿
1524,태종대,1489,좋아요
1525,태종대,1490,좋아요 
1526,태종대,1491,굿
1527,태종대,1492,굿
1528,태종대,1493,친절해요
1529,태종대,1494,좋아요
1530,태종대,1495,좋아여
1531,태종대,1496,굿
1532,태종대,1497,쪼금 멀지만 괜탄어요
1533,태종대,1498,여름에는 힘들어요
1534,태종대,1499,쪼아요
1535,태종대,1500,굳
1536,태종대,1501,주차하기 편해요
1537,태종대,1502,굿
1538,태종대,1503,굿
1539,태종대,1504,굿
1540,태종대,1505,좋아요 
1541,태종대,1506,너무 좋아요
1542,태종대,1507,좋아요
1543,태종대,1508,ㆍㅅ
1544,태종대,1509,ㅋ
1545,태종대,1510,굿
1546,태종대,1511,너무 귀여운 다누비열차 ㅎㅎ
1547,태종대,1512,태종시까지 다녀왓어요 대략 1:30~2시긴 걸렷네용
1548,태종대,1513,굿
1549,태종대,1514,굿
1550,태종대,1515,좋아요
1551,태종대,1516,주차공간 넓어요 
1552,태종대,1517,좋아여
1553,태종대,1518,Good!
1554,태종대,1519,좋아요
1555,태종대,1520,굿
1556,태종대,1521,시원하고 좋아요
1557,태종대,1522,안녕하세요 
1558,태종대,1523,주차장  주차하기 편했어요
1559,태종대,1524,좋아요
1560,태종대,1525,좋아요
1561,태종대,1526,좋아요
1562,태종대,1527,굿
1563,태종대,1528,ㅈ
1564,태종대,1529,굿
1565,태종대,1530,주차가 편해요
1566,태종대,1531,조용하게 힐링하기좋아요
1567,태종대,1532,굳
1568,태종대,1533,좋아요
1569,태종대,1534,곳곳에 지도가 있어 편히 다녔습니다
1570,태종대,1535,이용 잘 했어요
1571,태종대,1536,좋아요 
1572,태종대,1537,굿
1573,태종대,1538,굿
1574,태종대,1539,조아여 
1575,태종대,1540,^^
1576,태종대,1541,^^
1577,태종대,1542,굿
1578,태종대,1543,ㅈㅇㅇ
1579,태종대,1544,좋아요!!
1580,태종대,1545,.
1581,태종대,1546,.
1582,태종대,1547,탁 트여서 아주 좋쥬좋쥬
1583,태종대,1548,굿
1584,태종대,1549,태종대 멋져요
1585,태종대,1550,편하고좋아요
1586,태종대,1551,태종대 다누비 열차타고 신 나게 다녔어요
1587,태종대,1552,굿
1588,태종대,1553,굿
1589,태종대,1554,긋
1590,태종대,1555,좋아요
1591,태종대,1556,좋아요 
1592,태종대,1557,굿이요 
1593,태종대,1558,굿
1594,태종대,1559,좋아요 
1595,태종대,1560,굿
1596,태종대,1561,좋아요 
1597,태종대,1562,좋아요 
1598,태종대,1563,주차장이 넓어요
1599,태종대,1564,굿
1600,태종대,1565,자주가요
1601,태종대,1566,좋아요 
1602,태종대,1567,굿
1603,태종대,1568,굿
1604,태종대,1569,굿
1605,태종대,1570,예뻐요
1606,태종대,1571,좋아요 
1607,태종대,1572,좋아요
1608,태종대,1573,굿
1609,태종대,1574,구
1610,태종대,1575,굿
1611,태종대,1576,비싸도 유람선 타세요.. 열차타도 나무로 가려져서 바다 하나도 안보임..
1612,태종대,1577,"태종대는 언제 와도 좋네요.
물품보관소도 500원이라 너무 좋아요~"
1613,태종대,1578,시에서 운영해서 그런지 비용이 저렴 ㅎ바닷바람 시원~
1614,태종대,1579,여름엔 필히 타야할듯ㅋ
1615,태종대,1580,물품보관함 좋아요
1616,태종대,1581,.
1617,태종대,1582,주차장도 넓고  주차하기 편해요
1618,태종대,1583,.
1619,태종대,1584,열차재미있네요
1620,태종대,1585,주차가 편리행ᆢ
1621,태종대,1586,굿
1622,태종대,1587,좋아요
1623,태종대,1588,주차가 편리해요
1624,태종대,1589,부산명소 태종대 너무좋아요ㅜㅜ
1625,태종대,1590,굿
1626,태종대,1591,좋아요 
1627,태종대,1592,친절해요 
1628,태종대,1593,좋아요
1629,태종대,1594,산책하기 좋아요
1630,태종대,1595,좋아요 
1631,태종대,1596,굿
1632,태종대,1597,굿굿
1633,태종대,1598,덥지만 재밌었어요~ 
1634,태종대,1599,주차하기좋아요
1635,태종대,1600,좋아요
1636,태종대,1601,편리하게 이용함.
1637,태종대,1602,주차비 저렴해서 좋아요
1638,태종대,1603,ㅈ
1639,태종대,1604,굿 
1640,태종대,1605,좋아요 
1641,태종대,1606,굿~~!
1642,태종대,1607,굿
1643,태종대,1608,~~
1644,태종대,1609,좋아요
1645,태종대,1610,굿
1646,태종대,1611,굿
1647,태종대,1612,ㅎㅎ
1648,태종대,1613,좋아요 
1649,태종대,1614,굿
1650,태종대,1615,사전정산 10분요금 더 받는거 같네요???
1651,태종대,1616,좋아요
1652,태종대,1617,좋아용 
1653,태종대,1618,"아이들과 태종대 돌기위해 필수입니다 !!
"
1654,태종대,1619,좋아요 꼭타보세요
1655,태종대,1620,감사합니다 
1656,태종대,1621,산책하기 좋았어요
1657,태종대,1622,좋아요 
1658,태종대,1623,굿
1659,태종대,1624,굳
1660,태종대,1625,주차 편하고 좋아요
1661,태종대,1626,좋아요
1662,태종대,1627,굿
1663,태종대,1628,좋아요 
1664,태종대,1629,좋아요 
1665,태종대,1630,굳
1666,태종대,1631,굳
1667,태종대,1632,굳
1668,태종대,1633,좋아요
1669,태종대,1634,좋았어요
1670,태종대,1635,좋아요
1671,태종대,1636,주차요금이 저렴해요
1672,태종대,1637,편리하게 이용하기 좋아요
1673,태종대,1638,태종 무열왕이 활을 쏜 곳이라 태종대라고하네요
1674,태종대,1639,굿
1675,태종대,1640,굿
1676,태종대,1641,친절해요 
1677,태종대,1642,굿
1678,태종대,1643,좋아요
1679,태종대,1644,굿
1680,태종대,1645,쏘쏘~~
1681,태종대,1646,좋아요 
1682,태종대,1647,주차하기 편해요
1683,태종대,1648,오
1684,태종대,1649,가격이 합리적임
1685,태종대,1650,굿
1686,태종대,1651,태종대 산책하는데 주차장이 편해서 좋네요
1687,태종대,1652,좋아요 
1688,태종대,1653,산책하기 좋아요
1689,태종대,1654,좋아요
1690,태종대,1655,굿
1691,태종대,1656,좋아요
1692,태종대,1657,굿
1693,태종대,1658,좋아요
1694,태종대,1659,굿
1695,태종대,1660,태종대는 갈때마다 좋아요~
1696,태종대,1661,주차하기좋아요~뷰가예뻐요
1697,태종대,1662,.
1698,태종대,1663,좋아요 
1699,태종대,1664,좋았어요
1700,태종대,1665,굿
1701,태종대,1666,좋아요 
1702,태종대,1667,주차장 거리가 있슴
1703,태종대,1668,굳
1704,태종대,1669,.
1705,태종대,1670,좋아요
1706,태종대,1671,.
1707,태종대,1672,ㄷ
1708,태종대,1673,굿
1709,태종대,1674,ㅎㅎ
1710,태종대,1675,ㅎ
1711,태종대,1676,ㅎ
1712,태종대,1677,새벽에와서 해무를 맞으며 걸었어유 넘 좋았어유
1713,태종대,1678,열차가편하긴한데 더울땐 못 탈듯요~ 낑기가 타야되고 완전 더워요~ㅠ
1714,태종대,1679,편해요
1715,태종대,1680,굿
1716,태종대,1681,25 년만에 가본곳 아쉽지만 그래도 옛생각에 좋습니다
1717,태종대,1682,친절해요
1718,태종대,1683,ㅇㅇ
1719,태종대,1684,좋아요
1720,태종대,1685,굿
1721,태종대,1686,친절해요 
1722,태종대,1687,걷기좋아요
1723,태종대,1688,유명관광지 주차장 치고는 저렴해요
1724,태종대,1689,ㅎ
1725,태종대,1690,좋소
1726,태종대,1691,좋아요 :-)
1727,태종대,1692,굿
1728,태종대,1693,굿
1729,태종대,1694,좋아요
1730,태종대,1695,뷰가  좋아요
1731,태종대,1696,굿
1732,태종대,1697,좋아요
1733,태종대,1698,좋아요
1734,태종대,1699,추석에도 운영해서 좋았어요 
1735,태종대,1700,굿
1736,태종대,1701,굿
1737,태종대,1702,굿
1738,태종대,1703,주차장이 넓네요 화장실도 깔끔
1739,태종대,1704,굿 
1740,태종대,1705,너무 좋네요
1741,태종대,1706,아주 좋았습니다.
1742,태종대,1707,.
1743,태종대,1708,좋아
1744,태종대,1709,좋아요
1745,태종대,1710,좋아요 
1746,태종대,1711,좋아요
1747,태종대,1712,주차
1748,태종대,1713,굿
1749,태종대,1714,굿
1750,태종대,1715,좋아요 
1751,태종대,1716,.
1752,태종대,1717,"주차도 편리하고
친절하셨어요"
1753,태종대,1718,좋아요
1754,태종대,1719,굿
1755,태종대,1720,좋아요
1756,태종대,1721,좋아요
1757,태종대,1722,굿굿
1758,태종대,1723,굿굿
1759,태종대,1724,5
1760,태종대,1725,좋아요~
1761,태종대,1726,굿굿 
1762,태종대,1727,.
1763,태종대,1728,국
1764,태종대,1729,.
1765,태종대,1730,.
1766,태종대,1731,.
1767,태종대,1732,.
1768,태종대,1733,.
1769,태종대,1734,.
1770,태종대,1735,.
1771,태종대,1736,.
1772,태종대,1737,좋아요 
1773,태종대,1738,굿
1774,태종대,1739,좋아요 
1775,태종대,1740,😃
1776,태종대,1741,좋아요
1777,태종대,1742,좋아요
1778,태종대,1743,좋아요
1779,태종대,1744,좋아요
1780,태종대,1745,😃
1781,태종대,1746,.
1782,태종대,1747,.
1783,태종대,1748,.
1784,휜여울문화마을,1,"한겨울에 왔지만 햇살도 따뜻하고 남부지방이라 그런지 대체로 옷차림이 가벼웠어요. 해안따라 집과 상가들이 쭉 이어지는데 벽화도 너무 예쁘고 곳곳에 조성된 상가와 카페가 잘 어울려요~ 바다 뷰는 말할 것도 없구요, 최고였어요!!
유의할 점은 경사가 좀 가파른 편이라 쉬엄쉬엄 보면 좋을것 같아요."
1785,휜여울문화마을,2,"바닷가 옆 산책로가 잘 되어있어요. 지금은 공사중이라서 해변 옆 길은 일부 통행이 불가하지만 계단으로 올라가면 영화 촬영지, 소품샵
, 예쁜 카페가 곳곳에 있습니다. 다만 인근에 주민들이 많으니 너무 큰 소음은 자제해야하며 계단 경사가 가파르고 골목이 좁아서 사람
들의 통행량이 많다면 어려움이 있을 것 같습니다. 주차장이 크지 않아 주차는 불편함이 있었습니다."
1786,휜여울문화마을,3,"후배가 추천해서 가게된 부산 영도 흰여울문화마을 예전에 감천문화마을엔 갔었는데… 느낌이 또 다르네요!! 
사진찍을 아기자기한 곳도 많고… 곳곳에 신경 쓴 포토존이 있고… 해저 동굴도 보는재미가 있어요! "
1787,휜여울문화마을,4,"편한 운동화 추천드려요! 사진찍을 곳, 카페도 많고 걷기 좋습니다~ 관광객이 많아서 한적하진 않지만 그렇다고 북적이지도 않아요!"
1788,휜여울문화마을,5,"새벽산책으로 더없이 좋은 흰여울문화마을 길~ 혼잡한 낮과는 반대로 한적하고 조용한 마을이 평온합니다. 조용히 자그만 카페와 볼거
리들 구경하다 보면 캘리그라프 좋은 문구들도 보이고  흔들흔들 그네도 타면서 마음의 여유를 느껴보세요~"
1789,휜여울문화마을,6,"카페에 앉아서 확 트인 바다를 보며 쉴 수 있어요. 
잡화점도 많지만 한국적인 요소보다 외국제품이 많아서 아이러니한 것 같아요ㅋㅋ 지나다니다 보면 길고양이들도 많은데 너무 순하고 귀여워요"
1790,휜여울문화마을,7,"산책로도 좋고 진짜 경관 짱인데ㅠㅠ 계단이 너무많아 다리아픈것난빼면 또 가고싶은 곳입니다 해운대에서 1011번 타고 근처내려서 1
5분정도 걸어갔습니다 도착해서 길따라 가다가 계단내려가서 왼쪽으로 가시면  동굴스팟이 나오는데 끝까지가심  사진처럼 파도치는 
곳이나오는데 최고의 힐링 스팟이었어요! 아래로도 저 위로도  처음부터 끝까지 행복한  2시간이었습니다 계단이 많아 편한신발 ..."
1791,휜여울문화마을,8,영도 로컬 분들이 추천해주셔서 가게 되었어요.  편도로 한시간 정도 걷기 좋고 중간중간 카페도 많아요. 지금 공사 중이라 소음이 있고 좀 뒤숭숭했지만 그래도 좋았습니다.
1792,휜여울문화마을,9,"넘 예뻐요
그냥 날 좋을때 산책하기 좋아요
그리고 해산물파는 노점도 있어서 담엔 낮술도 한잔 해야겠어요"
1793,휜여울문화마을,10,"부산에서 내가 제일 좋아하는 영도. 그 안에 있는 흰여울문화마을♡  비소식이 있었지만, 다행히 맑음!! 오랜만에 갔는데 산책로들이 많
이 정리되고 예뻐졌네요, 지금도 공사중이어서 대형 크레인이 중간에 두개나 설치되어 있었어요~ 최대한 크레인 안보이는 방향들로만 
사진투척!!  내년쯤이면 더 예뻐져있을거같아요^^  바라만보고있어도 너무 예쁜 마을♡♡"
1794,휜여울문화마을,11,"영도 관광지 흰여울 문화마을 다녀왔어요~ 아기자기한 소품샵과 곳곳에 작은 카페들이 숨어져 있어요! 하지만 계단이 많고 길폭이 좁아서 다리가 약하신 분들은 조금 힘들 것 같아요🥲 여행객들 명소라 현지인보다 외국인, 타지에서 오신 분들이 많네요~ 부산 오면 한 번쯤 방문하기 좋은 명소에요!"
1795,휜여울문화마을,12,"볼거리가 많고 먹거리도 잘되어있고 한번쯤은 가볼만 한곳입니다
특히 사진이 이쁘게 나와요"
1796,휜여울문화마을,13,"흰여울마을 산책이 아주 좋아요.
바닷바람을 맞고, 파도소리를 들으면서 골목길을 걸었어요. "
1797,휜여울문화마을,14,"부산의 또 다른 매력 흰여울문화마을 조용히 걷기 좋고, 바다 옆 길게 이어진 산책로도 너무 큰 강점이네요🌊"
1798,휜여울문화마을,15,"별기대 없이 갔었는데 걸음을 멈추게 했던 곳이다 분위기에 어울리는 음악 선곡도 너무 좋았고 시원하게 트인 풍경에 취해 멍하게 시간 
가는 줄 몰랐다"
1799,휜여울문화마을,16,오랜만에 부산에 방문해서 처음으로 들렀던 곳! 날씨도 좋고 바다도 근처에 있으니 더 힐링되는 느낌이었네요 🩵
1800,휜여울문화마을,17,"아이랑 좋은시간을 보내고왔어요
아이라서 그런지 ㅋ 다리아프대요"
1801,휜여울문화마을,18,평일 낮에 가서 그런지 사람들많지안아 좋았어요~ 우리가 갈즈음에  방문객 많아 지더라구요~
1802,휜여울문화마을,19,"송도 다리가
너무 이쁘고 바닷길이 잘 되어 있어요"
1803,휜여울문화마을,20,"터널 사진 하나보고 방문한 흰여울마을 !  우선 강아지와 함께 방문하신다면 비추 드려요~ 특히 제가 방문한 여름의 경우  덥고 습한데 
좁은 길목으로 많은 사람들이 다녀 강아지와 함께 다니기 불편했어요 또한 계단이 많은 관광지여서 강아지를 안고 그 높은 곳을 오르락 
내리락하기가 힘들었어요 강아지도 더워했어요 ㅠㅠ - 그러나 사진스팟이 정말 많아 인생샷 남기기 좋아요! 부산에서 인생샷 남..."
1804,휜여울문화마을,21,언제 가도 붐비는 것 같아요. 공사 중인 구간이 있어 조금 아쉽지만 걷기 좋은 날씨에 좋은 풍경과 분위기 구경 하고 왔습니다. 
1805,휜여울문화마을,22,"작은 카페와 공방들이 문을 닫은 곳이 많았어요. 흰여울문화마을만의 정취가 사라질까봐 안타까웠습니다. 주민과 관광객 모두 함께 즐
길 수 있는 공간이 될 수는 없을까요. 문화인들이 떠나간 자리가 못내 아쉬웠어요. https://blog.naver.com/mamybebe/223207335684"
1806,휜여울문화마을,23,가기전 : 우와 이쁘다 사진 준내찍어야지~  도착후 : 아 슈발 조낸 힘들어 계단 실화냐? 사진이고 나발이고.... 제발 살려줘 .... 
1807,휜여울문화마을,24,"부산영도구에 위치한 흰여울마을~ 바다도 너무 이쁘고 떠있는 배를 보면 마음이 힐링되요^^ 이쁜 돌담길도 있고 해안터널도 너~무 이
쁘답니당 ㅎㅎ 친구와 함께 돌아다니다보면 어느덧 해가지고 카페도 많아서 음료한잔 딱! 들이키면 아주 기분이 좋아져요!~ 힐링하는곳
으로 추천~ 부산에 살아도 안가본 사람은 모른다는 흰여울마을~~~ !! 소품샵도 많아 아기자기하니 좋고 파도치는소리들으면 아..."
1808,휜여울문화마을,25,아름답지만 조금 슬프고 먹먹한 곳입니다. 부산을 방문한다면 꼭 가봐야하는 방문지 중 한 곳 입니다. 주차공간이 협소하니 택시나 버스를 이용하시는 것이 좋을듯 합니다.
1809,휜여울문화마을,26,"영도 흰여울마을 야경 맛집 
연인끼리 사진찍기 좋아요"
1810,휜여울문화마을,27,"대중교통 이용해서 영도로 넘어오기도 좋고, 차량으로 오면 다리만 딱 넘어서 찾아올 수 있어요‼️ 유명한 흰여울 해안터널부터 곳곳의 
이쁜 카페와 소품샵 구경하면서 놀기 좋았어요 무엇보다 자연경관이 좋았고, 왔다갔다하는 길 또한 깔끔해서 걸어다니기 좋았어요 도
시랑 자연이 같이 맞닿아있는 뷰라 재밌게 잘 놀고왔어요"
1811,휜여울문화마을,28,"산책하기 좋아요~ 
이전에 왔을 때보다 카페, 소품샵이 많이 생겼네요!"
1812,휜여울문화마을,29,"해운대에서 하루 묵고 택시로 이동했는데 30여분 걸렸어요. 비가 보슬보슬 내리는 날이었는데 우산 들고 구경해야겠구나 했는데 다행
히 도착하니 비가 그쳐 편하게 둘러보았습니다. 이른 시간이고 비가 와서인지 사람이 많지 않아 구경하기 더 좋았어요. 지리 특성상 내
려가면 올라와야해서 그게 좀 힘들었지만 마을 자체는 너무 좋았어요. 부산여행 중 개인적으로 가장 좋았던 곳입니다.👍👍 바다..."
1813,휜여울문화마을,30,흰여울문화마을 골목길 아기자기하고 편집샵이 있어 소소하게 볼거리가 있음. 날씨 좋은날 걷기좋고 탁트인 바다 완전 좋음. 다만 해안터널 가려면 계단이 너무 힘들었음. 
1814,휜여울문화마을,31,흰여을 카페에서 푸른바다 감상
1815,휜여울문화마을,32,"2023.06.03.~06. 중2 2명. 고3 1명. 데리고  부산여행을 다녀왔어요. 오후 1시 서울행 기차로 돌아가야 해서  아침 9시 부터 서둘러서 마
지막 여행지로 다녀왔어요. 부산역 광장 근처 게스트룸에서 3박4일 숙박을 했는데 정말 대중교통편 좋았고 먹거리 즐길 곳들 찾아가기
에도 이래저래 움직이기 좋았어요."
1816,휜여울문화마을,33,너무너무 아름다운 곳. 사진찍는 곳마다 예술로 나와요.
1817,휜여울문화마을,34,다른 거 다 좋아요. 그런데 주차 공간이랑 교통이 진짜 안좋아요... 지역 명소치곤 주차에 대해서는 좀 더 신경 쓰셨으면 좋겠어요. 
1818,휜여울문화마을,35,"해질녘 오면 좋은 산책로가 있어요.
파도 소리 들으며 걷기 좋아요.
"
1819,휜여울문화마을,36,더웠지만 중간중간 소품샵에서 쇼핑하고 까페에서 차 한잔하며  관광했어요 좋아요~
1820,휜여울문화마을,37,부산여행때 다녀왔어요! 푸른 바다보면서 걷기 좋았어요 귀여운 소품샵도 많구 카페많아요 골목길은 많이 좁은데 구경할 만 해요
1821,휜여울문화마을,38,"영도 바닷가 작은 마을 해안로 좁은 골목길따라 벽화며 아기자기한 카페도 많고  영화박물관도 있음 큐티 러블리 액세서리 가판대도 거
리의 분위기를  한층 감성 업그레이드."
1822,휜여울문화마을,39,날이 더웠지만 뷰가 좋아요..ㅎ
1823,휜여울문화마을,40,아기자기 하네요~
1824,휜여울문화마을,41,"흰여울마을에 포토스팟이 몇군데 있는데 거긴 주말에 줄을 엄청 길게 섰어요 그외에는 골목골목마다 다니는 재미가 있었고 길에 쭉 늘
어져 있는 잡화상점구경하고 아이스크림도 먹고 소소한 여행이었습니다 🙃"
1825,휜여울문화마을,42,뷰가 너무 예뻐서 산책하고 사진찍기 좋아요
1826,휜여울문화마을,43,바닷가를 따라 구경하기 좋아요
1827,휜여울문화마을,44,날이 좋아서 바다가 참 예뻐요
1828,휜여울문화마을,45,흰여울마을 에서  부산바다의 낙조를 보며~~
1829,휜여울문화마을,46,"무더운 여름날, 땀은 났지만 풍경이 넘나 아름답네요~
역쉬 부산 멋지네요~~"
1830,휜여울문화마을,47,사진 맛집입니다 너무예쁜곳이네요
1831,휜여울문화마을,48,"흰여울마을 전망대에서 천천히 내려오면서 보는 뷰는 예술, 사람이 많이 붐비지만 요렇게 거꾸로 가면 덜 번잡해요. 날씨가 흐려도 맑아도 좋은 곳"
1832,휜여울문화마을,49,아기자기하게 되어있음.
1833,휜여울문화마을,50,"부산여행 명소지😍 뷰이쁘고 이것저것 아기자기하고 구경거리가 많아요 다만 관광객이 많아요😭 주차도 개선이 되면 더욱더 명소가 
되지않을까 "
1834,휜여울문화마을,51,포토존으로 유명해서 가봤는데 길치여서 찾는데 너무 힘들었어요 그래도 사진 건져서 좋았어요 부산 사진 찍으러 왔으면 여기 무조건 가보세요
1835,휜여울문화마을,52,날씨가 안좋아서 아쉬웠지만 포토존이 많아서 인생샷 남기러 가기 좋아요~
1836,휜여울문화마을,53,👩🏻‍❤️‍💋‍👨🏻🌃
1837,휜여울문화마을,54,👩🏻‍❤️‍💋‍👨🏻🌉
1838,휜여울문화마을,55,골목골목이 다 예뻐요~
1839,휜여울문화마을,56,사람이 많고 카페도 많아요
1840,휜여울문화마을,57,사진 예쁘게 잘 찍고 갑니당 ㅎㅎ
1841,휜여울문화마을,58,"부산 여행에서 해운대, 광안리 말고 새로운 바다 풍경과 산책로를 즐길 수 있어요. 관광객을 위한 작은 숍들도 많은데 코로나 이후 해외 관광객도 늘어나면서 숍들도 더 많아졌어요. "
1842,휜여울문화마을,59,너무 예쁜 바다마을이에요 
1843,휜여울문화마을,60,"여름에 가면 아주 덥지만, 예쁨! 동굴에 사진스팟도 있음"
1844,휜여울문화마을,61,볼거리가 많은
1845,휜여울문화마을,62,영도
1846,휜여울문화마을,63,부산에서 영도가 흰여울문화마을이 이렇게 예쁜걸 이제서야 알게되었어요ㅠㅠ 진짜 너무 아름다운곳이에요~ 매일가고싶은곳^^
1847,휜여울문화마을,64,"오랜만에  부산여행~
집으로 돌아가기전 들렸습니다.
"
1848,휜여울문화마을,65,"천천히 골목길 걸으면서
뷰도 보고 상점들 구경하는 재미가 쏠쏠해용"
1849,휜여울문화마을,66,더웠지만 바람은 시원했어요
1850,휜여울문화마을,67,산책로랑 포토 스팟이 잘 되어있어서 재밌게 놀았어요 ㅎㅎ
1851,휜여울문화마을,68,흰여울문화마을 곳곳에 숨은 길로 산책겸 바다구경 하기 좋습니다 👍 
1852,휜여울문화마을,69,산책하기 좋아요
1853,휜여울문화마을,70,굿
1854,휜여울문화마을,71,곳곳에 아기자기 예쁜곳
1855,휜여울문화마을,72,"오늘 같이 장마비 내리는 날
그리운 영도 흰여울 마을 낙조가 생각나요~~"
1856,휜여울문화마을,73,"부산 영도구 흰여울마을입니다
산책로가 엄~~청 잘 되어 있습니다^^
부산에서 아름다운 바다를 옆에 끼고 걸어보세요~^^"
1857,휜여울문화마을,74,🙂
1858,휜여울문화마을,75,바다가 예뻐요
1859,휜여울문화마을,76,해안산책로가 잘 되어있어요!!
1860,휜여울문화마을,77,좋아요
1861,휜여울문화마을,78,"여러번 방문했는데도 올 때마다 감탄하네요 너무 예쁩니다💙 바다 가까이에 산책로가 잘돼 있어서 파도소리 들으면서 걸으면 기분 진
짜 좋아요 주변 환경이 예뻐서 어디든 사진 예쁘게 잘나와요 근데 저기 동굴에는 항상 사람이 많네요.. 찍을 때마다 부끄러운데  마스크 
힘을 빌려 철판 깔고 찍어봤어요 꺄륵 봄, 여름, 가을, 겨울 사계절 다 예뻐용"
1862,휜여울문화마을,79,좋아요
1863,휜여울문화마을,80,기념품도 예쁘고 전망도 좋고 다시 한 번 가고 싶습니다.
1864,휜여울문화마을,81,너무 이쁜 곳!! 이번 겨울에도 다녀올거에요
1865,휜여울문화마을,82,좋아요
1866,휜여울문화마을,83,야경이 아주 끝내줘요💙
1867,휜여울문화마을,84,굿
1868,휜여울문화마을,85,감사합니다
1869,휜여울문화마을,86,ㅇ
1870,휜여울문화마을,87,좋아요
1871,휜여울문화마을,88,굿
1872,휜여울문화마을,89,😀
1873,휜여울문화마을,90,산책하기 좋은 해안산책로
1874,휜여울문화마을,91,바람이 많이 불었지만 너무 좋았어요ㅔ
1875,휜여울문화마을,92,조아요
1876,휜여울문화마을,93,맛있네요
1877,휜여울문화마을,94,친절
1878,휜여울문화마을,95,굿!
1879,휜여울문화마을,96,뷰좋음
1880,휜여울문화마을,97,구경 벽화보러갔네요
1881,국립해양박물관,1,"가족나들이~ ㅎ조카들 물고기에 눈을 못떼네요ㅎㅎ 너무 재밌게 구경하고가요 영상관이나 체험할수있는곳 등 다양하게 구성되어 있어
서 질리지않게 놀다가요 주차장도 크긴한데 폭이좁아 아쉽긴하지만 많은차들이 델수있어좋고 주차비도 저렴해 만족스러웠습니다ㅎ화
이팅 입니다!!@"
1882,국립해양박물관,2,"박물관 내의 바다 전망이 훌륭합니다. 이런 곳이 무료인 게 더 좋아요. 그러나 4D 영상 관람은 비추합니다. 관람료가 1인당 5천원인데 
다자녀 할인 받아서 1인 4천원에 입장했습니다. 15분 상영하는데, 의자의 펌핑이 워낙 강력해서 허리 디스크가 있거나 임신하셨으면 피
하시는 게 좋습니다. 허리 나가는 줄 알았습니다. 4D영화관은 고사하고 다른 박물관 4D에 훨씬 못 미치는 시설입니다. 4D외의 전..."
1883,국립해양박물관,3,"4D영상 금액은 5천원이었는데.... 
아이랑 너무 잘 봤습니다. 꼭 보세요••••♡"
1884,국립해양박물관,4,"4층에 4D전시관 15분이용
어른1,아이1명이 10.000"
1885,국립해양박물관,5,"해양박물관 4D영상관입니다. 1인 5,000원이고, 할인 대상이 사진과 같이 다양했어요~ 영상이 짧지만 엄마고래가 대왕오징어에게 납치
된 아기고래를 구하는 내용의 4D 영상입니다. 어린 영아는 무섭다고 울기도 했지만 유아나 초저는 볼만합니다^^"
1886,국립해양박물관,6,아이들이 재미있어해서 또 보러 왔어요
1887,국립해양박물관,7,"멋진 영도 바다와 함께 음료를 마시면 참 좋네요.
"
1888,국립해양박물관,8,"국립해양박물관 처음 갔는데 볼거리도 많고 좋아요. 유료상영하는 4D영화도 봤어요. 15분정도 상영되는데 나름 재밌었어요.
아기들보다 어른들이 더 좋아하는거 같아요."
1889,국립해양박물관,9,"작은 아쿠아리움과 알찬 전시, 각종 기획전과 어린이박물관까지 구경할 것이 많았습니다! 11시 30분에 아쿠아리스트 쇼가 있으니 시간 맞춰 가면 좋아요!"
1890,국립해양박물관,10,"아쿠아리움을 생각하고 오시면 실망할거고, 해양 역사 박물관 느낌으로 오시면 좋아요. 수족관은 정말 작고 (1분 걸으면 끝나는 크기) 물고기도 별로없지만, 우연히 기획전시가 있어서 재밌게 보고 나왔어요. 물고기 보고 싶으시면 아쿠아리움으로 가세요~ 입장료는 무료이고 주차는 3시간 2천원입니당!🩵"
1891,국립해양박물관,11,"아이와 실내에서 체험하기에 좋아요.
수족관, 전시실, 4D관람"
1892,국립해양박물관,12,파란 음료 맛이 soso 
1893,국립해양박물관,13,"너무 즐거웠고 카페까지있어서 좋아요
상어라서 고래 완전 졸귀 맛은 블루레몬에이드에용"
1894,국립해양박물관,14,평일이라 전세내고 봤는데 스펙타클하네요. 15분짜리라 아이에게 딱 ㅎㅎ
1895,국립해양박물관,15,"무료 미니멀 아쿠아리움 💙 식당, 매점도 있고 1-7세 정도? 아이들이 놀기 좋을 것 같아요~ 넘 큰 애들이 오면 시시할 수 있을 것 같아요
^^ 수족관 뭐 저는 무료치곤 갠찮았던 것 같습니다. 상어도 있구 가자미도 있고 물고기 먹이도 줄 수 있는체험도 할 수 있어요~ 주차장도
 나름 넓고 무료관람인대신 주차비는 3시간에 2천원드네요~  재방문 의사 있어요~ 바깥은 바로 바다가 보입니다."
1896,국립해양박물관,16,실내라 좋고 더운 날씨에 추천!!
1897,국립해양박물관,17,4D 공연 재밌네요
1898,국립해양박물관,18,"무료관람. 4D영화만 관람료가 들었다.
넓고 쾌적. 초등저학년까지 굿굿"
1899,국립해양박물관,19,유명포토존 1군데 쪼그맣게 있고 .. 아이들과 가기엔 좋은데 데이트로 비추임당 ㅜ
1900,국립해양박물관,20,아이와 즐기기 좋아요
1901,국립해양박물관,21,"2층에 사진 찍기는 좋은거 같아요 1층에  아이들  박물관이 있지만 초등 학생아이들도 재밌게 놀고 있었는데 체험 하는것이 초등 학생은
못한다고 하니 좀 그런거 갔습니다  그리고 아이들 그림그리고 하는 공간에서 그림을 그리고 배에서 자신이 그림이 나오니 애들이 좋아
하더라구요 다양한 체험 공간들이 더 생겼으면 좋겠습니다  그리고 물고기 밥 먹는 시간때를 잘 모르겠더라구요 … 입장로는 무..."
1902,국립해양박물관,22,"건물은 멋있는데 안의 내용 얼른 더 많이 채우면 좋을 거 같아요! 애니메이션은 아이 보기에는 무서울거 같고, 어른 보기에는 유아틱하고 애매해요 ㅠ 그래도 가격이 싸서 좋음! "
1903,국립해양박물관,23,"아이와 함께하기 좋아요. 
4D는 5살 아이에게 무섭다는 반응이네요^^;"
1904,국립해양박물관,24,수족관 보러 가기 좋아요
1905,국립해양박물관,25,4d 잘 보긴 했는데 의자 세게 튕기네요. 좀 아픕니다. ㅜㅜ
1906,국립해양박물관,26,4d 우습게 봤다가 공포에 떨며나올수있어요
1907,국립해양박물관,27,좋아요
1908,국립해양박물관,28,7살보기는 재밋어해요
1909,국립해양박물관,29,무료관람에 전시와 체험이 알차서 좋았어요 
1910,국립해양박물관,30,가성비좋고 부담없어서 좋아요
1911,국립해양박물관,31,아이들이 좋아합니다 특히 수족관
1912,국립해양박물관,32,좋아요~
1913,국립해양박물관,33,물고기밥주는시간맞춰가니 아이들 엄청 좋아해요
1914,국립해양박물관,34,4d라기엔 좀 아쉬웠지만 나름 볼만한 프로그램이었어요
1915,국립해양박물관,35,아이가 보자고해서 봤는데 너무 재밌었어요!!
1916,국립해양박물관,36,아이와 가기 좋아요!!
1917,국립해양박물관,37,친절하게 대해주시네요 
1918,국립해양박물관,38,아이와 가기 좋앙ㅎ
1919,국립해양박물관,39,다 좋았는데 포디 영화관의 의자 움직임이 너무 별로에요 ㅜㅜ 
1920,국립해양박물관,40,"4d 영상관 스릴
만점!ㅎ"
1921,국립해양박물관,41,애들이 좋아해요~~
1922,국립해양박물관,42,4D 영상 관람했어요 1인4천원에 15분 관람인데 아이가 좋아하긴했으나 좀 비용은 비싼거같아요
1923,국립해양박물관,43,아이랑 가기 좋아요
1924,국립해양박물관,44,4D말이에요.. 의자가 딱딱해서 움직일거라곤 상상도 못함 ㅠ
1925,국립해양박물관,45,좋지요
1926,국립해양박물관,46,"어머나.. 여기 진짜 강력추천이에요! 아이랑 부산 여행 중에 마지막날 들렸는데.. 작은 실내 놀이터부터 미니 아쿠아리움, 큰 배모형 3D 영상관까지 다 무료.. 그리고 4D영화도 꽤 퀄리티가 괜찮은데 4천원씩 내고 관람할 수 있어서 시간가는 줄 몰랐어요~ 전망카페도 있고.. 1층에는 도서관까지 있는데 시간상 못 들려서 아쉬워요~ 부산 사시는분들 부러워요🙈"
1927,국립해양박물관,47,굿굿
1928,국립해양박물관,48, 아기고래를 구출하는 내용
1929,국립해양박물관,49,무료 상설전시장도 많고 체험요소가 다양해서 좋아요
1930,국립해양박물관,50,ㅡ
1931,국립해양박물관,51,아이와 가기 좋은 곳이에요. 
1932,국립해양박물관,52,자주가요•
1933,국립해양박물관,53,재미있게놀았어용
1934,국립해양박물관,54,굿
1935,국립해양박물관,55,좋아요 
1936,국립해양박물관,56,🌝
1937,국립해양박물관,57,굿
1938,국립해양박물관,58,재미있어요
1939,국립해양박물관,59,.
1940,국립해양박물관,60,굿입니다 
1941,국립해양박물관,61,"넓어서 쾌적해요 !
볼거리도 많아요^^"
1942,국립해양박물관,62,"4D 영화관은 영화도 재미있고 바람도 나와서 오감만족이 되긴 합니다만
의자가 너무 딱딱하고 움직임이 쿵 찧는 것 밖에 없어서 허리가 아프신 분에게는 증상을 가중시킬 수 있을것 같습니다
표 티켓팅 시 안내가 있었으면 좋겠어요"
1943,국립해양박물관,63,굿입니다
1944,국립해양박물관,64,볼거리가 풍부하고 미니아쿠아리움도 좋아요! 건물층고가 넓고 전시공간도 여유로워서 사람이 많아도 괜찮았어요. 단 주차칸이 너무...좁음...ㅠ
1945,국립해양박물관,65,때마침 공룡 관련 4D영화를 상영해서 봤어요. 아이가 너무 좋아했구요. 15분 정도로 짧지만 나름 기승전결이 있어서 어른인 저도 재밌게 봤어요. ㅎㅎ
1946,국립해양박물관,66,아이들이 재밌게 관람했어요
1947,국립해양박물관,67,좋아요
1948,국립해양박물관,68,4D 영화아이가 너무 재미있어해요
1949,국립해양박물관,69,굿
1950,국립해양박물관,70,무료주차에 무료관람 유일하게  4D관람 유료지만  저도 아이도 잼나게봤어요
1951,국립해양박물관,71,굿
1952,국립해양박물관,72,아이가 너무 좋아했어요^^
1953,국립해양박물관,73,국
1954,국립해양박물관,74,입장료 무료인데 볼거리 다양하고 전시공간도 넓어서 좋았어요.입장료는 무료 주차비는 3시간까지 2000원이였어요 
1955,국립해양박물관,75,굳
1956,국립해양박물관,76,굿
1957,국립해양박물관,77,"5,7세 아이들과 재미있게 보고왔어요"
1958,국립해양박물관,78,좋아요
1959,국립해양박물관,79,너무 좋은시간이었어요
1960,국립해양박물관,80,4D영화 너무재미있네요
1961,국립해양박물관,81,좋아요 
1962,국립해양박물관,82,국립해양박물관 유익했습니다. 기념품 코너를 아이들이 그냥 지나치질 못하네요. 
1963,국립해양박물관,83,굿~
1964,국립해양박물관,84,굿
1965,국립해양박물관,85,굿
1966,국립해양박물관,86,주차장도 주차비도 저렴하고 아동들의체험학습도 있어요
1967,국립해양박물관,87,이런곳을 무료로 이용할수 있다니 정말 좋네요
1968,국립해양박물관,88,ㄱ
1969,국립해양박물관,89,이렇게 좋은 곳이 무료라니요
1970,국립해양박물관,90,굿
1971,국립해양박물관,91,굿
1972,국립해양박물관,92,굿
1973,국립해양박물관,93,좋아요
1974,국립해양박물관,94,좋아요
1975,국립해양박물관,95,굿
1976,국립해양박물관,96,굿
1977,국립해양박물관,97,굿
1978,국립해양박물관,98,굉장히 친절하시더라구요!!
1979,국립해양박물관,99,재미 있게 4D 탔어요
1980,국립해양박물관,100,좋아요
1981,국립해양박물관,101,좋아용
1982,국립해양박물관,102,재밌어용
1983,국립해양박물관,103,굿
1984,국립해양박물관,104,여기 푸드코트갔는데 찾아지지않음
1985,국립해양박물관,105,불편사항 없이 이용할 수 있었어요~~
1986,국립해양박물관,106,굿
1987,국립해양박물관,107,"주차비는 하루종일 2000, 바다가 보이는 전시관입니다."
1988,국립해양박물관,108,아침일찍 아이와 잘놀다갑니다
1989,국립해양박물관,109,굿
1990,국립해양박물관,110,전시 공사중인데가 많아서 아쉬웠지만 수족관때문에 아이가 너무 좋아해요
1991,국립해양박물관,111,아이와 함께 꼭 와봐야할 코스 인듯~
1992,국립해양박물관,112,주차비가 저렴해요! 주차장 간격이 좁아서 주차하기가 조금 어려웠어요.
1993,국립해양박물관,113,주차장도널널하고 가격도쌋어요
1994,국립해양박물관,114,부담없이 들려서 놀기 좋아요ㅎ
1995,국립해양박물관,115,예전엔 주차무료였는데 재개관후 주차비를 받음
1996,국립해양박물관,116,굿
1997,국립해양박물관,117,굿~
1998,국립해양박물관,118,좋아요
1999,국립해양박물관,119,굿
2000,국립해양박물관,120,좋아요
2001,국립해양박물관,121,굿~
2002,국립해양박물관,122,굿~
2003,국립해양박물관,123,굿
2004,국립해양박물관,124,굳굳
2005,국립해양박물관,125,‥
2006,국립해양박물관,126,경치좋고. 평일에오니 조용해서 더 좋네요.
2007,국립해양박물관,127,좋아요
2008,국립해양박물관,128,ㅋ
2009,국립해양박물관,129,애들이 좋아하니 좋아요 
2010,국립해양박물관,130,매점 직원들도 마스크 썼으면 좋겠습니다
2011,국립해양박물관,131,아이들이 좋아하는 해양박물관
2012,국립해양박물관,132,아이들과 구경하기좋아요
2013,국립해양박물관,133,해양박물관 구경하그 버블티 한잔^^
2014,국립해양박물관,134,굳
